anio,semana_epi,casos,fecha_semana,semana_inicio,temp_max_c,temp_min_c,temp_media_c,humedad_max_pct,humedad_min_pct,humedad_media_pct,precipitacion_mm,lluvia_mm,viento_max_kmh,amplitud_termica_c,semana_sin,semana_cos,casos_lag1,casos_lag2,casos_lag4,casos_ma4,es_brote
2010,1,223,2010-01-04 00:00:00,2010-01-04,25.34285714,16.02857143,20.97142857,97.57142857,67.57142857,84.57142857,19.2,19.2,7.742857143,9.314285714,0.12053668,0.992708874,,,,223,1
2010,2,259,2010-01-11 00:00:00,2010-01-11,25.72857143,16.74285714,21.35714286,97,68.42857143,84.85714286,25.9,25.9,7.471428571,8.985714286,0.239315664,0.970941817,223,,,241,1
2010,3,295,2010-01-18 00:00:00,2010-01-18,25.67142857,16.95714286,21.38571429,97.57142857,68.42857143,85.71428571,22.5,22.5,7.4,8.714285714,0.354604887,0.935016243,259,223,,259,1
2010,4,338,2010-01-25 00:00:00,2010-01-25,25,18.78571429,21.57142857,95.42857143,72.14285714,85.28571429,23.1,23.1,7.542857143,6.214285714,0.464723172,0.885456026,295,259,,278.8,1
2010,5,428,2010-02-01 00:00:00,2010-02-01,26.38571429,18.91428571,22.38571429,95.14285714,70.28571429,84.85714286,153,153,7.614285714,7.471428571,0.568064747,0.822983866,338,295,223,330,1
2010,6,540,2010-02-08 00:00:00,2010-02-08,25.41428571,18.52857143,21.61428571,95.14285714,71.57142857,85.71428571,67.3,67.3,7.914285714,6.885714286,0.663122658,0.748510748,428,338,259,400.2,1
2010,7,549,2010-02-15 00:00:00,2010-02-15,26,18.75714286,21.85714286,95.42857143,70.71428571,86,98.4,98.4,8.542857143,7.242857143,0.748510748,0.663122658,540,428,295,463.8,1
2010,8,485,2010-02-22 00:00:00,2010-02-22,25.1,18.95714286,21.44285714,94.42857143,70.14285714,85.28571429,106.1,106.1,7.342857143,6.142857143,0.822983866,0.568064747,549,540,338,500.5,1
2010,9,502,2010-03-01 00:00:00,2010-03-01,26.08571429,18.71428571,21.88571429,94.57142857,69,84.85714286,20,20,7.357142857,7.371428571,0.885456026,0.464723172,485,549,428,519,1
2010,10,453,2010-03-08 00:00:00,2010-03-08,25.64285714,19.22857143,22.1,95.57142857,70.57142857,84.42857143,24.9,24.9,7.914285714,6.414285714,0.935016243,0.354604887,502,485,540,497.2,1
2010,11,424,2010-03-15 00:00:00,2010-03-15,25.72857143,18.24285714,21.64285714,95.57142857,69.28571429,85.14285714,24.2,24.2,7.9,7.485714286,0.970941817,0.239315664,453,502,549,466,1
2010,12,349,2010-03-22 00:00:00,2010-03-22,25.95714286,18.9,22.08571429,95,68,83.28571429,38.1,38.1,7.871428571,7.057142857,0.992708874,0.12053668,424,453,485,432,1
2010,13,293,2010-03-29 00:00:00,2010-03-29,25.47142857,19.5,21.85714286,95.14285714,72,85.42857143,96,96,7.871428571,5.971428571,1,-1.60812E-16,349,424,502,379.8,1
2010,14,348,2010-04-05 00:00:00,2010-04-05,25.04285714,19.18571429,21.64285714,93.42857143,69.42857143,84,38.6,38.6,6.2,5.857142857,0.992708874,-0.12053668,293,349,453,353.5,1
2010,15,291,2010-04-12 00:00:00,2010-04-12,24.81428571,19.24285714,21.52857143,93.14285714,70.57142857,82.71428571,120.9,120.9,6.6,5.571428571,0.970941817,-0.239315664,348,293,424,320.2,1
2010,16,272,2010-04-19 00:00:00,2010-04-19,25.94285714,19.45714286,22.24285714,94.71428571,71.71428571,85.14285714,126.2,126.2,7.4,6.485714286,0.935016243,-0.354604887,291,348,349,301,1
2010,17,206,2010-04-26 00:00:00,2010-04-26,24.05714286,18.91428571,21.15714286,95.28571429,77.42857143,87.28571429,129.3,129.3,7.185714286,5.142857143,0.885456026,-0.464723172,272,291,293,279.2,1
2010,18,231,2010-05-03 00:00:00,2010-05-03,25.15714286,18.84285714,21.55714286,94.42857143,70.14285714,85,66.1,66.1,6.885714286,6.314285714,0.822983866,-0.568064747,206,272,348,250,1
2010,19,209,2010-05-10 00:00:00,2010-05-10,25.77142857,19.11428571,22.41428571,92.71428571,71.28571429,83.14285714,9.2,9.2,7.128571429,6.657142857,0.748510748,-0.663122658,231,206,291,229.5,1
2010,20,216,2010-05-17 00:00:00,2010-05-17,25.3,19.35714286,21.97142857,94.14285714,72.14285714,84.71428571,53.9,53.9,6.871428571,5.942857143,0.663122658,-0.748510748,209,231,272,215.5,1
2010,21,190,2010-05-24 00:00:00,2010-05-24,24.17142857,19.24285714,21.4,93.85714286,69,81.57142857,35.2,35.2,6.3,4.928571429,0.568064747,-0.822983866,216,209,206,211.5,1
2010,22,231,2010-05-31 00:00:00,2010-05-31,25.34285714,18.51428571,21.72857143,93.57142857,68.85714286,83.14285714,13.2,13.2,7.085714286,6.828571429,0.464723172,-0.885456026,190,216,231,211.5,1
2010,23,204,2010-06-07 00:00:00,2010-06-07,24.61428571,18.34285714,21.31428571,93.28571429,70.14285714,82.85714286,31.1,31.1,7.357142857,6.271428571,0.354604887,-0.935016243,231,190,209,210.2,1
2010,24,203,2010-06-14 00:00:00,2010-06-14,23.58571429,18.22857143,20.52857143,94.42857143,74,86,82.2,82.2,7.771428571,5.357142857,0.239315664,-0.970941817,204,231,216,207,1
2010,25,196,2010-06-21 00:00:00,2010-06-21,25,17.64285714,21.24285714,94,68.57142857,82.71428571,30,30,7.271428571,7.357142857,0.12053668,-0.992708874,203,204,190,208.5,1
2010,26,153,2010-06-28 00:00:00,2010-06-28,24.41428571,18.08571429,21.05714286,92,71.14285714,83.42857143,28.3,28.3,7.185714286,6.328571429,-3.21625E-16,-1,196,203,231,189,1
2010,27,173,2010-07-05 00:00:00,2010-07-05,23.52857143,18.08571429,20.52857143,95.28571429,74.14285714,86.28571429,54.9,54.9,6.771428571,5.442857143,-0.12053668,-0.992708874,153,196,204,181.2,1
2010,28,159,2010-07-12 00:00:00,2010-07-12,23.54285714,18.4,20.54285714,93.28571429,74,85.57142857,70.8,70.8,7.128571429,5.142857143,-0.239315664,-0.970941817,173,153,203,170.2,1
2010,29,172,2010-07-19 00:00:00,2010-07-19,25.35714286,17.05714286,21.04285714,95.28571429,65.14285714,83,12.4,12.4,7.442857143,8.3,-0.354604887,-0.935016243,159,173,196,164.2,1
2010,30,153,2010-07-26 00:00:00,2010-07-26,23.71428571,17.94285714,20.64285714,93.28571429,73.85714286,85.28571429,45.7,45.7,7.571428571,5.771428571,-0.464723172,-0.885456026,172,159,153,164.2,1
2010,31,164,2010-08-02 00:00:00,2010-08-02,24.65714286,18.1,20.98571429,94.14285714,69.71428571,84.28571429,56.7,56.7,7.485714286,6.557142857,-0.568064747,-0.822983866,153,172,173,162,1
2010,32,126,2010-08-09 00:00:00,2010-08-09,24.44285714,16.7,20.6,95.71428571,69.42857143,84.57142857,42.3,42.3,7.471428571,7.742857143,-0.663122658,-0.748510748,164,153,159,153.8,1
2010,33,132,2010-08-16 00:00:00,2010-08-16,24.18571429,16.67142857,20.48571429,96.14285714,72.28571429,85.85714286,50.6,50.6,7.471428571,7.514285714,-0.748510748,-0.663122658,126,164,172,143.8,1
2010,34,131,2010-08-23 00:00:00,2010-08-23,24.44285714,17.94285714,20.72857143,94.42857143,71,85.42857143,67.4,67.4,7.814285714,6.5,-0.822983866,-0.568064747,132,126,153,138.2,1
2010,35,119,2010-08-30 00:00:00,2010-08-30,23.88571429,17.44285714,20.21428571,95.14285714,71.57142857,86.14285714,76.3,76.3,7.457142857,6.442857143,-0.885456026,-0.464723172,131,132,164,127,1
2010,36,125,2010-09-06 00:00:00,2010-09-06,24.54285714,18.11428571,21.07142857,92.42857143,68.85714286,82.57142857,14.3,14.3,7.128571429,6.428571429,-0.935016243,-0.354604887,119,131,126,126.8,1
2010,37,95,2010-09-13 00:00:00,2010-09-13,24.42857143,18.08571429,20.91428571,94.71428571,69.71428571,83.42857143,41.9,41.9,7.814285714,6.342857143,-0.970941817,-0.239315664,125,119,132,117.5,0
2010,38,103,2010-09-20 00:00:00,2010-09-20,23.87142857,17.85714286,20.37142857,95.71428571,72.42857143,85.42857143,58.7,58.7,7.114285714,6.014285714,-0.992708874,-0.12053668,95,125,131,110.5,0
2010,39,113,2010-09-27 00:00:00,2010-09-27,24.07142857,17.12857143,20.12857143,96.42857143,72.14285714,87.57142857,104.9,104.9,6.485714286,6.942857143,-1,-1.83697E-16,103,95,119,109,1
2010,40,110,2010-10-04 00:00:00,2010-10-04,24.67142857,18.07142857,21.05714286,94,69.57142857,83.28571429,87,87,6.857142857,6.6,-0.992708874,0.12053668,113,103,125,105.2,1
2010,41,77,2010-10-11 00:00:00,2010-10-11,24.44285714,17.3,20.84285714,96.85714286,71.14285714,85.57142857,74,74,7.514285714,7.142857143,-0.970941817,0.239315664,110,113,95,100.8,0
2010,42,70,2010-10-18 00:00:00,2010-10-18,23.6,17.71428571,20.15714286,94,73.28571429,85.85714286,63.1,63.1,7.1,5.885714286,-0.935016243,0.354604887,77,110,103,92.5,0
2010,43,74,2010-10-25 00:00:00,2010-10-25,22.98571429,18.25714286,20.08571429,95.57142857,75.71428571,87.57142857,246.7,246.7,6.842857143,4.728571429,-0.885456026,0.464723172,70,77,113,82.8,0
2010,44,101,2010-11-01 00:00:00,2010-11-01,22.72857143,18.64285714,20.28571429,95,79.85714286,87.85714286,228.8,228.8,6.314285714,4.085714286,-0.822983866,0.568064747,74,70,110,80.5,0
2010,45,64,2010-11-08 00:00:00,2010-11-08,21.9,18.1,19.77142857,96.42857143,78.42857143,88.57142857,186.4,186.4,6.5,3.8,-0.748510748,0.663122658,101,74,77,77.2,0
2010,46,69,2010-11-15 00:00:00,2010-11-15,22.68571429,17.61428571,19.62857143,94.28571429,73.28571429,86.28571429,85.2,85.2,5.328571429,5.071428571,-0.663122658,0.748510748,64,101,70,77,0
2010,47,67,2010-11-22 00:00:00,2010-11-22,22.75714286,18,19.92857143,95.57142857,76.42857143,88.14285714,98.7,98.7,6.857142857,4.757142857,-0.568064747,0.822983866,69,64,74,75.2,0
2010,48,68,2010-11-29 00:00:00,2010-11-29,22.78571429,17.91428571,20.04285714,95,75.57142857,86.57142857,135.1,135.1,6.6,4.871428571,-0.464723172,0.885456026,67,69,101,67,0
2010,49,49,2010-12-06 00:00:00,2010-12-06,23.51428571,17.97142857,20.41428571,94.85714286,73.71428571,85.85714286,46.9,46.9,7.157142857,5.542857143,-0.354604887,0.935016243,68,67,64,63.2,0
2010,50,33,2010-12-13 00:00:00,2010-12-13,22.37142857,17.7,19.77142857,95.57142857,76,87.28571429,94,94,5.657142857,4.671428571,-0.239315664,0.970941817,49,68,69,54.2,0
2010,51,41,2010-12-20 00:00:00,2010-12-20,23.57142857,17.42857143,20.07142857,93.42857143,70.14285714,83.71428571,29.1,29.1,7.442857143,6.142857143,-0.12053668,0.992708874,33,49,67,47.8,0
2010,52,39,2010-12-27 00:00:00,2010-12-27,23.8,17.37142857,20.34285714,93.28571429,71.57142857,84.71428571,43.5,43.5,7.928571429,6.428571429,6.43249E-16,1,41,33,68,40.5,0
2011,1,24,2011-01-03 00:00:00,2011-01-03,23.34285714,17.52857143,19.97142857,93.57142857,72.57142857,85.42857143,65.9,65.9,6.871428571,5.814285714,0.12053668,0.992708874,39,41,49,34.2,0
2011,2,25,2011-01-10 00:00:00,2011-01-10,24.42857143,18.08571429,20.81428571,94,71.28571429,85.57142857,46.4,46.4,7.557142857,6.342857143,0.239315664,0.970941817,24,39,33,32.2,0
2011,3,23,2011-01-17 00:00:00,2011-01-17,23.97142857,17.68571429,20.45714286,93.42857143,71.28571429,84.42857143,13.2,13.2,6.771428571,6.285714286,0.354604887,0.935016243,25,24,41,27.8,0
2011,4,18,2011-01-24 00:00:00,2011-01-24,23.3,17.98571429,20.24285714,93.71428571,73.57142857,85.85714286,42.9,42.9,6.357142857,5.314285714,0.464723172,0.885456026,23,25,39,22.5,0
2011,5,13,2011-01-31 00:00:00,2011-01-31,24.67142857,17.52857143,20.87142857,94.57142857,71.57142857,85,61.4,61.4,7.228571429,7.142857143,0.568064747,0.822983866,18,23,24,19.8,0
2011,6,13,2011-02-07 00:00:00,2011-02-07,23.12857143,18.12857143,20.18571429,94.57142857,76.85714286,86.42857143,48.7,48.7,5.985714286,5,0.663122658,0.748510748,13,18,25,16.8,0
2011,7,14,2011-02-14 00:00:00,2011-02-14,23.38571429,17.55714286,19.95714286,96.14285714,76.28571429,87.85714286,88.4,88.4,5.614285714,5.828571429,0.748510748,0.663122658,13,13,23,14.5,0
2011,8,21,2011-02-21 00:00:00,2011-02-21,24.04285714,17.84285714,20.52857143,93.42857143,70.57142857,83.28571429,61.8,61.8,6.5,6.2,0.822983866,0.568064747,14,13,18,15.2,0
2011,9,17,2011-02-28 00:00:00,2011-02-28,22.58571429,16.95714286,19.48571429,95.14285714,74.42857143,87,122.7,122.7,5.728571429,5.628571429,0.885456026,0.464723172,21,14,13,16.2,0
2011,10,15,2011-03-07 00:00:00,2011-03-07,22.97142857,16.92857143,19.47142857,93,68.71428571,82.14285714,87.2,87.2,6.642857143,6.042857143,0.935016243,0.354604887,17,21,13,16.8,0
2011,11,8,2011-03-14 00:00:00,2011-03-14,23.78571429,17.32857143,20.31428571,93.71428571,70.85714286,83.85714286,49.2,49.2,6.814285714,6.457142857,0.970941817,0.239315664,15,17,14,15.2,0
2011,12,13,2011-03-21 00:00:00,2011-03-21,24.31428571,18.08571429,20.88571429,93.85714286,71,84.57142857,75.6,75.6,6.242857143,6.228571429,0.992708874,0.12053668,8,15,21,13.2,0
2011,13,7,2011-03-28 00:00:00,2011-03-28,25.31428571,18.37142857,21.41428571,93.71428571,68.85714286,83.57142857,21.9,21.9,7.157142857,6.942857143,1,-1.60812E-16,13,8,17,10.8,0
2011,14,7,2011-04-04 00:00:00,2011-04-04,23.51428571,18.62857143,20.65714286,94.57142857,75.57142857,86.71428571,128.1,128.1,6.428571429,4.885714286,0.992708874,-0.12053668,7,13,15,8.8,0
2011,15,6,2011-04-11 00:00:00,2011-04-11,22.65714286,17.85714286,19.98571429,94.85714286,75.85714286,87.28571429,115.9,115.9,6.028571429,4.8,0.970941817,-0.239315664,7,7,8,8.2,0
2011,16,7,2011-04-18 00:00:00,2011-04-18,23.4,17.98571429,20.14285714,94.42857143,73.14285714,86.28571429,74.4,74.4,6.714285714,5.414285714,0.935016243,-0.354604887,6,7,13,6.8,0
2011,17,10,2011-04-25 00:00:00,2011-04-25,24.58571429,18.54285714,21.02857143,93.85714286,71.85714286,85.28571429,75.1,75.1,6.3,6.042857143,0.885456026,-0.464723172,7,6,7,7.5,0
2011,18,14,2011-05-02 00:00:00,2011-05-02,26.07142857,18.97142857,22.37142857,90.71428571,66.28571429,80,10.9,10.9,7.642857143,7.1,0.822983866,-0.568064747,10,7,7,9.2,0
2011,19,6,2011-05-09 00:00:00,2011-05-09,24.44285714,19.28571429,21.47142857,92.57142857,74,84.57142857,142.1,142.1,7,5.157142857,0.748510748,-0.663122658,14,10,6,9.2,0
2011,20,9,2011-05-16 00:00:00,2011-05-16,23.17142857,17.77142857,20.15714286,92.28571429,71.71428571,83.14285714,55.5,55.5,6.271428571,5.4,0.663122658,-0.748510748,6,14,7,9.8,0
2011,21,9,2011-05-23 00:00:00,2011-05-23,24.98571429,17.74285714,21.14285714,93.28571429,69.42857143,83.57142857,46.8,46.8,7.342857143,7.242857143,0.568064747,-0.822983866,9,6,10,9.5,0
2011,22,13,2011-05-30 00:00:00,2011-05-30,24.21428571,18.5,20.95714286,93.71428571,71,84.42857143,36.9,36.9,6.642857143,5.714285714,0.464723172,-0.885456026,9,9,14,9.2,0
2011,23,9,2011-06-06 00:00:00,2011-06-06,25.5,18.58571429,21.75714286,91.57142857,67.85714286,81.71428571,2.2,2.2,7.114285714,6.914285714,0.354604887,-0.935016243,13,9,6,10,0
2011,24,9,2011-06-13 00:00:00,2011-06-13,24.77142857,18.82857143,21.57142857,91.85714286,69,81.85714286,30.2,30.2,7.585714286,5.942857143,0.239315664,-0.970941817,9,13,9,10,0
2011,25,11,2011-06-20 00:00:00,2011-06-20,24.58571429,18.31428571,21.11428571,93.85714286,70.57142857,83.71428571,70.2,70.2,7.228571429,6.271428571,0.12053668,-0.992708874,9,9,9,10.5,0
2011,26,8,2011-06-27 00:00:00,2011-06-27,24.75714286,17.31428571,20.82857143,94.42857143,68.57142857,83.57142857,28.8,28.8,7.457142857,7.442857143,-3.21625E-16,-1,11,9,13,9.2,0
2011,27,10,2011-07-04 00:00:00,2011-07-04,25.57142857,17.37142857,21.22857143,93.71428571,65.14285714,82.28571429,4.9,4.9,7.457142857,8.2,-0.12053668,-0.992708874,8,11,9,9.5,0
2011,28,4,2011-07-11 00:00:00,2011-07-11,23.85714286,17.54285714,20.2,94.57142857,70.85714286,85.28571429,38,38,7.257142857,6.314285714,-0.239315664,-0.970941817,10,8,9,8.2,0
2011,29,13,2011-07-18 00:00:00,2011-07-18,25.91428571,17.27142857,21.44285714,94.28571429,61.57142857,80.57142857,4.8,4.8,7.628571429,8.642857143,-0.354604887,-0.935016243,4,10,11,8.8,0
2011,30,12,2011-07-25 00:00:00,2011-07-25,23.75714286,17.57142857,20.24285714,94.14285714,72.14285714,85.42857143,48.2,48.2,6.785714286,6.185714286,-0.464723172,-0.885456026,13,4,8,9.8,0
2011,31,16,2011-08-01 00:00:00,2011-08-01,25.75714286,17.62857143,21.41428571,93.71428571,62.85714286,81.14285714,11.2,11.2,7.514285714,8.128571429,-0.568064747,-0.822983866,12,13,10,11.2,0
2011,32,15,2011-08-08 00:00:00,2011-08-08,25.08571429,16.61428571,20.84285714,95.85714286,66,83,24.8,24.8,7.542857143,8.471428571,-0.663122658,-0.748510748,16,12,4,14,0
2011,33,15,2011-08-15 00:00:00,2011-08-15,24.2,17.41428571,20.41428571,94.57142857,70.57142857,84.71428571,37.5,37.5,8.214285714,6.785714286,-0.748510748,-0.663122658,15,16,13,14.5,0
2011,34,15,2011-08-22 00:00:00,2011-08-22,24.7,17.95714286,20.75714286,93.85714286,67.85714286,83.71428571,13.2,13.2,7.2,6.742857143,-0.822983866,-0.568064747,15,15,12,15.2,0
2011,35,14,2011-08-29 00:00:00,2011-08-29,25.54285714,16.72857143,21,95.14285714,63.28571429,82.28571429,27.8,27.8,7.871428571,8.814285714,-0.885456026,-0.464723172,15,15,16,14.8,0
2011,36,8,2011-09-05 00:00:00,2011-09-05,24.67142857,16.91428571,20.58571429,94.28571429,67.57142857,83.42857143,24.4,24.4,8.214285714,7.757142857,-0.935016243,-0.354604887,14,15,15,13,0
2011,37,13,2011-09-12 00:00:00,2011-09-12,24.85714286,17.57142857,20.87142857,92.85714286,65,81.42857143,19.4,19.4,7.957142857,7.285714286,-0.970941817,-0.239315664,8,14,15,12.5,0
2011,38,10,2011-09-19 00:00:00,2011-09-19,25.08571429,17.71428571,21.01428571,94,67.14285714,83.28571429,50.6,50.6,8.157142857,7.371428571,-0.992708874,-0.12053668,13,8,15,11.2,0
2011,39,9,2011-09-26 00:00:00,2011-09-26,24.88571429,17.57142857,20.97142857,94.57142857,69,84.71428571,135.3,135.3,7.7,7.314285714,-1,-1.83697E-16,10,13,14,10,0
2011,40,12,2011-10-03 00:00:00,2011-10-03,24,17.84285714,20.64285714,94.85714286,72.85714286,86.28571429,149.8,149.8,6.257142857,6.157142857,-0.992708874,0.12053668,9,10,8,11,0
2011,41,10,2011-10-10 00:00:00,2011-10-10,22.38571429,18.14285714,19.97142857,94.28571429,76.42857143,86.28571429,203.4,203.4,6.014285714,4.242857143,-0.970941817,0.239315664,12,9,13,10.2,0
2011,42,10,2011-10-17 00:00:00,2011-10-17,22.54285714,16.5,19.24285714,93.42857143,70.28571429,83.42857143,93.7,93.7,5.7,6.042857143,-0.935016243,0.354604887,10,12,10,10.2,0
2011,43,6,2011-10-24 00:00:00,2011-10-24,23.28571429,17.84285714,20.2,93.71428571,73.28571429,85.42857143,55.6,55.6,7.214285714,5.442857143,-0.885456026,0.464723172,10,10,9,9.5,0
2011,44,9,2011-10-31 00:00:00,2011-10-31,24.47142857,17.62857143,20.85714286,93.71428571,71,84.42857143,26,26,7.971428571,6.842857143,-0.822983866,0.568064747,6,10,12,8.8,0
2011,45,7,2011-11-07 00:00:00,2011-11-07,23,18.24285714,20.21428571,93.85714286,75.28571429,87,235.1,235.1,6.528571429,4.757142857,-0.748510748,0.663122658,9,6,10,8,0
2011,46,11,2011-11-14 00:00:00,2011-11-14,22.61428571,17.81428571,19.81428571,94.42857143,75.71428571,87.42857143,358.4,358.4,6,4.8,-0.663122658,0.748510748,7,9,10,8.2,0
2011,47,10,2011-11-21 00:00:00,2011-11-21,23.27142857,17.71428571,20.02857143,93.85714286,73.57142857,86.14285714,117.9,117.9,6.1,5.557142857,-0.568064747,0.822983866,11,7,6,9.2,0
2011,48,7,2011-11-28 00:00:00,2011-11-28,22.58571429,17.8,19.98571429,95.57142857,77.14285714,88,125.2,125.2,5.685714286,4.785714286,-0.464723172,0.885456026,10,11,9,8.8,0
2011,49,10,2011-12-05 00:00:00,2011-12-05,22.91428571,17.81428571,19.92857143,94.42857143,77.14285714,87.85714286,181.6,181.6,6.528571429,5.1,-0.354604887,0.935016243,7,10,7,9.5,0
2011,50,7,2011-12-12 00:00:00,2011-12-12,22.55714286,17.8,19.65714286,94.57142857,77.85714286,89.28571429,189.3,189.3,7.028571429,4.757142857,-0.239315664,0.970941817,10,7,11,8.5,0
2011,51,10,2011-12-19 00:00:00,2011-12-19,24.55714286,18.04285714,20.88571429,93.85714286,72,85.14285714,85.8,85.8,7.257142857,6.514285714,-0.12053668,0.992708874,7,10,10,8.5,0
2011,52,13,2011-12-26 00:00:00,2011-12-26,25.12857143,18.74285714,21.48571429,92.28571429,68.85714286,83,20,20,6.614285714,6.385714286,6.43249E-16,1,10,7,7,10,0
2012,1,17,2012-01-02 00:00:00,2012-01-02,23.1,18.3,20.32857143,93.71428571,76.71428571,86.57142857,211.8,211.8,6.5,4.8,0.12053668,0.992708874,13,10,10,11.8,0
2012,2,18,2012-01-09 00:00:00,2012-01-09,24.58571429,18.2,21.04285714,93,70.57142857,83.42857143,16.2,16.2,7,6.385714286,0.239315664,0.970941817,17,13,7,14.5,0
2012,3,16,2012-01-16 00:00:00,2012-01-16,23.45714286,17.61428571,20.12857143,94.57142857,72.71428571,85.71428571,54.1,54.1,6.471428571,5.842857143,0.354604887,0.935016243,18,17,10,16,0
2012,4,24,2012-01-23 00:00:00,2012-01-23,23.4,17.58571429,20.2,94.14285714,72.85714286,84.85714286,138.1,138.1,6.885714286,5.814285714,0.464723172,0.885456026,16,18,13,18.8,0
2012,5,15,2012-01-30 00:00:00,2012-01-30,24.47142857,18.24285714,20.82857143,93.28571429,69.85714286,83.71428571,33.8,33.8,7,6.228571429,0.568064747,0.822983866,24,16,17,18.2,0
2012,6,25,2012-02-06 00:00:00,2012-02-06,23.71428571,18.07142857,20.51428571,94,75.42857143,86.71428571,70.5,70.5,7,5.642857143,0.663122658,0.748510748,15,24,18,20,0
2012,7,21,2012-02-13 00:00:00,2012-02-13,23.72857143,17.14285714,19.84285714,94.57142857,71.71428571,86.14285714,52,52,6.3,6.585714286,0.748510748,0.663122658,25,15,16,21.2,0
2012,8,24,2012-02-20 00:00:00,2012-02-20,23.72857143,16.18571429,19.9,95.14285714,71.71428571,85.14285714,34.3,34.3,7.485714286,7.542857143,0.822983866,0.568064747,21,25,24,21.2,0
2012,9,30,2012-02-27 00:00:00,2012-02-27,24.94285714,17.42857143,20.75714286,93.57142857,66.57142857,82.71428571,14,14,7.585714286,7.514285714,0.885456026,0.464723172,24,21,15,25,0
2012,10,37,2012-03-05 00:00:00,2012-03-05,25.31428571,18.1,21.6,92.57142857,65.28571429,80,8.4,8.4,7.328571429,7.214285714,0.935016243,0.354604887,30,24,25,28,0
2012,11,35,2012-03-12 00:00:00,2012-03-12,25.75714286,18.38571429,21.65714286,91.71428571,64.85714286,80.42857143,39.1,39.1,8.171428571,7.371428571,0.970941817,0.239315664,37,30,21,31.5,0
2012,12,30,2012-03-19 00:00:00,2012-03-19,23.81428571,18.17142857,20.47142857,94.85714286,73.85714286,87,167.9,167.9,6.571428571,5.642857143,0.992708874,0.12053668,35,37,24,33,0
2012,13,21,2012-03-26 00:00:00,2012-03-26,25.2,18.9,21.61428571,92.71428571,69.14285714,82.71428571,38.5,38.5,8.542857143,6.3,1,-1.60812E-16,30,35,30,30.8,0
2012,14,19,2012-04-02 00:00:00,2012-04-02,23.77142857,18.5,20.62857143,93.14285714,72.71428571,85.57142857,148.5,148.5,6.614285714,5.271428571,0.992708874,-0.12053668,21,30,37,26.2,0
2012,15,14,2012-04-09 00:00:00,2012-04-09,23.34285714,17.38571429,19.84285714,93.85714286,72.28571429,85.28571429,72.1,72.1,6.185714286,5.957142857,0.970941817,-0.239315664,19,21,35,21,0
2012,16,23,2012-04-16 00:00:00,2012-04-16,23.94285714,18.27142857,20.62857143,93.57142857,71.28571429,84,89,89,6.614285714,5.671428571,0.935016243,-0.354604887,14,19,30,19.2,0
2012,17,17,2012-04-23 00:00:00,2012-04-23,25.12857143,18.44285714,21.34285714,94.71428571,69.28571429,83.57142857,85.1,85.1,7.271428571,6.685714286,0.885456026,-0.464723172,23,14,21,18.2,0
2012,18,11,2012-04-30 00:00:00,2012-04-30,24.37142857,18.72857143,21.3,92.57142857,71.57142857,84.14285714,70.7,70.7,7.442857143,5.642857143,0.822983866,-0.568064747,17,23,19,16.2,0
2012,19,15,2012-05-07 00:00:00,2012-05-07,24.48571429,18.27142857,21.08571429,93.42857143,71.14285714,84.14285714,35.9,35.9,7.014285714,6.214285714,0.748510748,-0.663122658,11,17,14,16.5,0
2012,20,15,2012-05-14 00:00:00,2012-05-14,24.37142857,18.25714286,21.01428571,93.28571429,71.42857143,84.28571429,50.9,50.9,7.442857143,6.114285714,0.663122658,-0.748510748,15,11,23,14.5,0
2012,21,16,2012-05-21 00:00:00,2012-05-21,25.37142857,16.95714286,21.11428571,95,67.42857143,83,11.8,11.8,7.485714286,8.414285714,0.568064747,-0.822983866,15,15,17,14.2,0
2012,22,8,2012-05-28 00:00:00,2012-05-28,25.72857143,18,21.77142857,92.42857143,65.42857143,80.85714286,3,3,7.642857143,7.728571429,0.464723172,-0.885456026,16,15,11,13.5,0
2012,23,16,2012-06-04 00:00:00,2012-06-04,26.55714286,18.22857143,22.01428571,93.28571429,61,79.71428571,10.6,10.6,7.342857143,8.328571429,0.354604887,-0.935016243,8,16,15,13.8,0
2012,24,18,2012-06-11 00:00:00,2012-06-11,24.95714286,17.62857143,21.35714286,93.85714286,67,81.14285714,9.2,9.2,7.271428571,7.328571429,0.239315664,-0.970941817,16,8,15,14.5,0
2012,25,18,2012-06-18 00:00:00,2012-06-18,25.1,16.55714286,20.74285714,95,66.42857143,83,24.3,24.3,7.714285714,8.542857143,0.12053668,-0.992708874,18,16,16,15,0
2012,26,18,2012-06-25 00:00:00,2012-06-25,24.8,16.62857143,20.52857143,94,64.57142857,81.85714286,14.3,14.3,7.357142857,8.171428571,-3.21625E-16,-1,18,18,8,17.5,0
2012,27,21,2012-07-02 00:00:00,2012-07-02,24.98571429,17.28571429,20.92857143,93.85714286,65.85714286,82.28571429,10.7,10.7,7.785714286,7.7,-0.12053668,-0.992708874,18,18,16,18.8,0
2012,28,19,2012-07-09 00:00:00,2012-07-09,24.77142857,17.3,21.12857143,93.57142857,66.71428571,81.71428571,8.4,8.4,7.514285714,7.471428571,-0.239315664,-0.970941817,21,18,18,19,0
2012,29,15,2012-07-16 00:00:00,2012-07-16,26.05714286,17.68571429,21.84285714,92.28571429,59,78.14285714,0.4,0.4,7.571428571,8.371428571,-0.354604887,-0.935016243,19,21,18,18.2,0
2012,30,21,2012-07-23 00:00:00,2012-07-23,26.21428571,17.51428571,21.64285714,94.42857143,59.57142857,80.28571429,5.3,5.3,8.014285714,8.7,-0.464723172,-0.885456026,15,19,18,19,0
2012,31,22,2012-07-30 00:00:00,2012-07-30,25.52857143,17.85714286,21.37142857,93.28571429,62.42857143,80.28571429,26.5,26.5,7.742857143,7.671428571,-0.568064747,-0.822983866,21,15,21,19.2,0
2012,32,8,2012-08-06 00:00:00,2012-08-06,25.35714286,16.47142857,20.87142857,95.57142857,65.85714286,83.28571429,43.9,43.9,8.814285714,8.885714286,-0.663122658,-0.748510748,22,21,19,16.5,0
2012,33,14,2012-08-13 00:00:00,2012-08-13,24.92857143,17.72857143,20.87142857,93.28571429,66.85714286,83.14285714,36.8,36.8,8.057142857,7.2,-0.748510748,-0.663122658,8,22,15,16.2,0
2012,34,18,2012-08-20 00:00:00,2012-08-20,24.94285714,17.38571429,20.88571429,95,67.71428571,84,20.2,20.2,7.671428571,7.557142857,-0.822983866,-0.568064747,14,8,21,15.5,0
2012,35,20,2012-08-27 00:00:00,2012-08-27,25.98571429,17.01428571,21.3,94.28571429,58.57142857,79.71428571,0.7,0.7,8.228571429,8.971428571,-0.885456026,-0.464723172,18,14,22,15,0
2012,36,21,2012-09-03 00:00:00,2012-09-03,26.25714286,16.78571429,21.45714286,94.71428571,60.28571429,79.85714286,9.1,9.1,7.8,9.471428571,-0.935016243,-0.354604887,20,18,8,18.2,0
2012,37,17,2012-09-10 00:00:00,2012-09-10,25.81428571,17.62857143,21.51428571,93.71428571,63.85714286,81.57142857,9.7,9.7,8.3,8.185714286,-0.970941817,-0.239315664,21,20,14,19,0
2012,38,26,2012-09-17 00:00:00,2012-09-17,23.97142857,17.68571429,20.58571429,94.71428571,71.14285714,85,43.6,43.6,7.771428571,6.285714286,-0.992708874,-0.12053668,17,21,18,21,0
2012,39,17,2012-09-24 00:00:00,2012-09-24,24.91428571,18.21428571,21.22857143,92.71428571,66.57142857,82,23.1,23.1,7.728571429,6.7,-1,-1.83697E-16,26,17,20,20.2,0
2012,40,21,2012-10-01 00:00:00,2012-10-01,24.44285714,17.82857143,20.7,95,71.28571429,85.57142857,175.4,175.4,7.7,6.614285714,-0.992708874,0.12053668,17,26,21,20.2,0
2012,41,19,2012-10-08 00:00:00,2012-10-08,24.27142857,18.11428571,20.95714286,93.71428571,71.28571429,83.57142857,53.1,53.1,6.8,6.157142857,-0.970941817,0.239315664,21,17,17,20.8,0
2012,42,18,2012-10-15 00:00:00,2012-10-15,23.42857143,17.68571429,20.17142857,92.71428571,70.14285714,82.71428571,97.4,97.4,6.185714286,5.742857143,-0.935016243,0.354604887,19,21,26,18.8,0
2012,43,23,2012-10-22 00:00:00,2012-10-22,24.8,18.07142857,21.07142857,92.85714286,66.71428571,81.71428571,91.5,91.5,7.357142857,6.728571429,-0.885456026,0.464723172,18,19,17,20.2,0
2012,44,27,2012-10-29 00:00:00,2012-10-29,24.05714286,18.62857143,20.81428571,93,72,84.28571429,43.5,43.5,6.614285714,5.428571429,-0.822983866,0.568064747,23,18,21,21.8,0
2012,45,17,2012-11-05 00:00:00,2012-11-05,23.92857143,18.38571429,20.68571429,94.28571429,74.85714286,86.42857143,122.2,122.2,7.514285714,5.542857143,-0.748510748,0.663122658,27,23,19,21.2,0
2012,46,27,2012-11-12 00:00:00,2012-11-12,22.65714286,18.67142857,20.25714286,95.28571429,81,88.57142857,214.7,214.7,6.414285714,3.985714286,-0.663122658,0.748510748,17,27,18,23.5,0
2012,47,23,2012-11-19 00:00:00,2012-11-19,24.38571429,18.6,20.94285714,93,72.14285714,85.14285714,36,36,6.8,5.785714286,-0.568064747,0.822983866,27,17,23,23.5,0
2012,48,32,2012-11-26 00:00:00,2012-11-26,23.58571429,18.32857143,20.48571429,96,77.28571429,87.85714286,238.5,238.5,6.728571429,5.257142857,-0.464723172,0.885456026,23,27,27,24.8,0
2012,49,33,2012-12-03 00:00:00,2012-12-03,23.8,17.78571429,20.38571429,93.85714286,73.28571429,85.85714286,152,152,5.728571429,6.014285714,-0.354604887,0.935016243,32,23,17,28.8,0
2012,50,29,2012-12-10 00:00:00,2012-12-10,23.42857143,17.91428571,20.32857143,95.28571429,76.28571429,87.71428571,167.6,167.6,6.528571429,5.514285714,-0.239315664,0.970941817,33,32,27,29.2,0
2012,51,41,2012-12-17 00:00:00,2012-12-17,23.42857143,18.02857143,20.41428571,93.57142857,74.57142857,86.28571429,83.9,83.9,6.485714286,5.4,-0.12053668,0.992708874,29,33,23,33.8,0
2012,52,46,2012-12-24 00:00:00,2012-12-24,24.85714286,17.68571429,21.2,93.42857143,71.42857143,83.85714286,12.9,12.9,7.457142857,7.171428571,6.43249E-16,1,41,29,32,37.2,0
2013,1,105,2012-12-31 00:00:00,2012-12-31,25.6,16.8,21.27142857,95.71428571,67.71428571,83.71428571,4.9,4.9,7.385714286,8.8,0.12053668,0.992708874,46,41,33,55.2,0
2013,2,104,2013-01-07 00:00:00,2013-01-07,25.81428571,17.7,21.71428571,95.28571429,66.42857143,82.85714286,21.7,21.7,7.842857143,8.114285714,0.239315664,0.970941817,105,46,29,74,0
2013,3,124,2013-01-14 00:00:00,2013-01-14,24.6,18.37142857,21.11428571,94.85714286,73,85.57142857,133.2,133.2,6.985714286,6.228571429,0.354604887,0.935016243,104,105,41,94.8,1
2013,4,117,2013-01-21 00:00:00,2013-01-21,24.87142857,18.95714286,21.44285714,93.28571429,74.14285714,85.42857143,73.3,73.3,7.242857143,5.914285714,0.464723172,0.885456026,124,104,46,112.5,1
2013,5,134,2013-01-28 00:00:00,2013-01-28,25.01428571,18.44285714,21.48571429,95.28571429,73,85.14285714,47.4,47.4,7.028571429,6.571428571,0.568064747,0.822983866,117,124,105,119.8,1
2013,6,118,2013-02-04 00:00:00,2013-02-04,23.01428571,18.37142857,20.38571429,93.71428571,76,86.57142857,112.5,112.5,6.357142857,4.642857143,0.663122658,0.748510748,134,117,104,123.2,1
2013,7,109,2013-02-11 00:00:00,2013-02-11,23.97142857,17.51428571,20.31428571,94,72.42857143,85.42857143,37.6,37.6,6.557142857,6.457142857,0.748510748,0.663122658,118,134,124,119.5,0
2013,8,150,2013-02-18 00:00:00,2013-02-18,25.07142857,18.1,21.27142857,94.57142857,70.42857143,84.57142857,58.4,58.4,7.157142857,6.971428571,0.822983866,0.568064747,109,118,117,127.8,1
2013,9,131,2013-02-25 00:00:00,2013-02-25,25.17142857,18.84285714,21.7,92.85714286,69.71428571,83.28571429,25.3,25.3,7.371428571,6.328571429,0.885456026,0.464723172,150,109,134,127,1
2013,10,124,2013-03-04 00:00:00,2013-03-04,25.92857143,18.41428571,21.95714286,93.57142857,67.57142857,82.28571429,41.1,41.1,7.328571429,7.514285714,0.935016243,0.354604887,131,150,118,128.5,1
2013,11,141,2013-03-11 00:00:00,2013-03-11,25.12857143,19.58571429,21.7,93.57142857,71.57142857,84.42857143,75,75,7.357142857,5.542857143,0.970941817,0.239315664,124,131,109,136.5,1
2013,12,145,2013-03-18 00:00:00,2013-03-18,24.07142857,18.02857143,20.81428571,95,72.14285714,85.42857143,50.3,50.3,6.385714286,6.042857143,0.992708874,0.12053668,141,124,150,135.2,1
2013,13,124,2013-03-25 00:00:00,2013-03-25,25.95714286,18.05714286,21.78571429,94.42857143,67.71428571,83.14285714,53.7,53.7,7.714285714,7.9,1,-1.60812E-16,145,141,131,133.5,1
2013,14,200,2013-04-01 00:00:00,2013-04-01,25.31428571,19.02857143,21.67142857,94.28571429,71.28571429,84.28571429,101.1,101.1,6.985714286,6.285714286,0.992708874,-0.12053668,124,145,124,152.5,1
2013,15,208,2013-04-08 00:00:00,2013-04-08,26.04285714,19.34285714,22.14285714,92.71428571,67.71428571,82.14285714,13.2,13.2,7.471428571,6.7,0.970941817,-0.239315664,200,124,141,169.2,1
2013,16,249,2013-04-15 00:00:00,2013-04-15,24.37142857,18.94285714,21.14285714,93.14285714,71.28571429,84.57142857,67.4,67.4,6.714285714,5.428571429,0.935016243,-0.354604887,208,200,145,195.2,1
2013,17,233,2013-04-22 00:00:00,2013-04-22,24.47142857,18.54285714,21.21428571,94.14285714,71.71428571,84.28571429,47,47,6.942857143,5.928571429,0.885456026,-0.464723172,249,208,124,222.5,1
2013,18,229,2013-04-29 00:00:00,2013-04-29,24.52857143,18.98571429,21.37142857,93,69.28571429,83.28571429,68.5,68.5,6.371428571,5.542857143,0.822983866,-0.568064747,233,249,200,229.8,1
2013,19,205,2013-05-06 00:00:00,2013-05-06,25.18571429,18.6,21.44285714,92.28571429,68.28571429,82.28571429,52.2,52.2,6.828571429,6.585714286,0.748510748,-0.663122658,229,233,208,229,1
2013,20,193,2013-05-13 00:00:00,2013-05-13,25.12857143,18.8,21.5,93.28571429,69.42857143,84,21.4,21.4,6.871428571,6.328571429,0.663122658,-0.748510748,205,229,249,215,1
2013,21,214,2013-05-20 00:00:00,2013-05-20,24.08571429,18.41428571,20.91428571,93,73,85.28571429,109.3,109.3,7.142857143,5.671428571,0.568064747,-0.822983866,193,205,233,210.2,1
2013,22,218,2013-05-27 00:00:00,2013-05-27,23.97142857,18.4,20.8,93.57142857,72.71428571,84.85714286,73.2,73.2,7.557142857,5.571428571,0.464723172,-0.885456026,214,193,229,207.5,1
2013,23,207,2013-06-03 00:00:00,2013-06-03,25.55714286,17.58571429,21.42857143,93,65.14285714,81.57142857,6.5,6.5,7.557142857,7.971428571,0.354604887,-0.935016243,218,214,205,208,1
2013,24,205,2013-06-10 00:00:00,2013-06-10,25.55714286,17.72857143,21.37142857,94.14285714,67,83.28571429,21.7,21.7,7.657142857,7.828571429,0.239315664,-0.970941817,207,218,193,211,1
2013,25,209,2013-06-17 00:00:00,2013-06-17,25.51428571,17.84285714,21.41428571,94.71428571,69.42857143,84,24.5,24.5,7.514285714,7.671428571,0.12053668,-0.992708874,205,207,214,209.8,1
2013,26,191,2013-06-24 00:00:00,2013-06-24,24.18571429,18.37142857,20.85714286,95.14285714,73.85714286,85.85714286,78.5,78.5,7.885714286,5.814285714,-3.21625E-16,-1,209,205,218,203,1
2013,27,221,2013-07-01 00:00:00,2013-07-01,24.54285714,17.37142857,20.57142857,94,69,83.57142857,17.2,17.2,7.471428571,7.171428571,-0.12053668,-0.992708874,191,209,207,206.5,1
2013,28,210,2013-07-08 00:00:00,2013-07-08,24.68571429,17.24285714,20.78571429,93.85714286,68.14285714,83.14285714,28.8,28.8,7.4,7.442857143,-0.239315664,-0.970941817,221,191,205,207.8,1
2013,29,222,2013-07-15 00:00:00,2013-07-15,25.22857143,17.75714286,21.25714286,93,66.42857143,82.14285714,13.9,13.9,7.871428571,7.471428571,-0.354604887,-0.935016243,210,221,209,211,1
2013,30,178,2013-07-22 00:00:00,2013-07-22,25.81428571,16.52857143,21.07142857,94.85714286,61,81.28571429,12.4,12.4,8.242857143,9.285714286,-0.464723172,-0.885456026,222,210,191,207.8,1
2013,31,164,2013-07-29 00:00:00,2013-07-29,25.41428571,17.5,21.3,94.42857143,64,81.57142857,11.4,11.4,8.185714286,7.914285714,-0.568064747,-0.822983866,178,222,221,193.5,1
2013,32,167,2013-08-05 00:00:00,2013-08-05,24.17142857,18.28571429,20.87142857,93.85714286,72.14285714,84.57142857,35.7,35.7,7.728571429,5.885714286,-0.663122658,-0.748510748,164,178,210,182.8,1
2013,33,157,2013-08-12 00:00:00,2013-08-12,25.07142857,18.52857143,21.42857143,92.14285714,66.14285714,81.42857143,10,10,7.328571429,6.542857143,-0.748510748,-0.663122658,167,164,222,166.5,1
2013,34,155,2013-08-19 00:00:00,2013-08-19,25.25714286,17.01428571,20.91428571,94.14285714,65.14285714,82.28571429,40.8,40.8,8.157142857,8.242857143,-0.822983866,-0.568064747,157,167,178,160.8,1
2013,35,127,2013-08-26 00:00:00,2013-08-26,25.27142857,17.64285714,21.17142857,93.71428571,64.14285714,81.28571429,13,13,7.8,7.628571429,-0.885456026,-0.464723172,155,157,164,151.5,1
2013,36,112,2013-09-02 00:00:00,2013-09-02,24.71428571,17.47142857,20.67142857,94.42857143,67,83.42857143,50.1,50.1,7.828571429,7.242857143,-0.935016243,-0.354604887,127,155,167,137.8,1
2013,37,130,2013-09-09 00:00:00,2013-09-09,24.14285714,17.75714286,20.84285714,94.14285714,73,85.14285714,57.9,57.9,7.742857143,6.385714286,-0.970941817,-0.239315664,112,127,157,131,1
2013,38,141,2013-09-16 00:00:00,2013-09-16,25.8,17.54285714,21.28571429,94.28571429,66.85714286,83.85714286,11.7,11.7,8.214285714,8.257142857,-0.992708874,-0.12053668,130,112,155,127.5,1
2013,39,143,2013-09-23 00:00:00,2013-09-23,25.27142857,18.01428571,21.38571429,94.28571429,67.85714286,83.71428571,132.3,132.3,8,7.257142857,-1,-1.83697E-16,141,130,127,131.5,1
2013,40,159,2013-09-30 00:00:00,2013-09-30,24.94285714,17.42857143,21.1,95.28571429,69.14285714,84.14285714,26.6,26.6,8.3,7.514285714,-0.992708874,0.12053668,143,141,112,143.2,1
2013,41,149,2013-10-07 00:00:00,2013-10-07,24.45714286,17.35714286,20.55714286,95.57142857,71.57142857,86.42857143,50.4,50.4,7.328571429,7.1,-0.970941817,0.239315664,159,143,130,148,1
2013,42,165,2013-10-14 00:00:00,2013-10-14,24.32857143,17.12857143,20.44285714,96,70.28571429,85.14285714,21.3,21.3,7.571428571,7.2,-0.935016243,0.354604887,149,159,141,154,1
2013,43,166,2013-10-21 00:00:00,2013-10-21,24.37142857,18.02857143,20.88571429,94.71428571,72.85714286,85.28571429,75.1,75.1,8.2,6.342857143,-0.885456026,0.464723172,165,149,143,159.8,1
2013,44,151,2013-10-28 00:00:00,2013-10-28,22.92857143,17.48571429,19.84285714,94.42857143,74.71428571,86.42857143,219,219,6.628571429,5.442857143,-0.822983866,0.568064747,166,165,159,157.8,1
2013,45,131,2013-11-04 00:00:00,2013-11-04,23.04285714,17.9,20.12857143,92.71428571,73.28571429,84.42857143,103.1,103.1,5.985714286,5.142857143,-0.748510748,0.663122658,151,166,149,153.2,1
2013,46,150,2013-11-11 00:00:00,2013-11-11,24.35714286,18.41428571,21,95.14285714,75.14285714,86.85714286,70.7,70.7,7.242857143,5.942857143,-0.663122658,0.748510748,131,151,165,149.5,1
2013,47,152,2013-11-18 00:00:00,2013-11-18,22.95714286,17.6,19.7,95.71428571,76,88.71428571,205.8,205.8,6.028571429,5.357142857,-0.568064747,0.822983866,150,131,166,146,1
2013,48,144,2013-11-25 00:00:00,2013-11-25,23.18571429,17.78571429,19.81428571,95.28571429,74,87.57142857,207.2,207.2,6.028571429,5.4,-0.464723172,0.885456026,152,150,151,144.2,1
2013,49,148,2013-12-02 00:00:00,2013-12-02,23.28571429,18.04285714,20.37142857,94.28571429,75.57142857,86.57142857,199.4,199.4,6.857142857,5.242857143,-0.354604887,0.935016243,144,152,131,148.5,1
2013,50,155,2013-12-09 00:00:00,2013-12-09,24.81428571,18.6,21.17142857,92.57142857,70.71428571,83.57142857,91.9,91.9,6.357142857,6.214285714,-0.239315664,0.970941817,148,144,150,149.8,1
2013,51,123,2013-12-16 00:00:00,2013-12-16,23.57142857,18.81428571,20.6,95.14285714,79.42857143,89.42857143,129.8,129.8,6.314285714,4.757142857,-0.12053668,0.992708874,155,148,152,142.5,1
2013,52,104,2013-12-23 00:00:00,2013-12-23,25.01428571,17.62857143,20.97142857,94,67.14285714,83.42857143,73.1,73.1,6.228571429,7.385714286,6.43249E-16,1,123,155,144,132.5,0
2014,1,94,2013-12-30 00:00:00,2013-12-30,24.61428571,18.45714286,21.15714286,93.85714286,73.14285714,86,51.1,51.1,7.171428571,6.157142857,0.12053668,0.992708874,104,123,148,119,0
2014,2,90,2014-01-06 00:00:00,2014-01-06,22.94285714,18.58571429,20.35714286,94.85714286,78.42857143,87.42857143,159.1,159.1,5.742857143,4.357142857,0.239315664,0.970941817,94,104,155,102.8,0
2014,3,84,2014-01-13 00:00:00,2014-01-13,25.3,17.82857143,21.15714286,93.85714286,68.28571429,83.85714286,14.5,14.5,7.628571429,7.471428571,0.354604887,0.935016243,90,94,123,93,0
2014,4,86,2014-01-20 00:00:00,2014-01-20,24.31428571,17.64285714,20.54285714,96.28571429,72.57142857,87,153.1,153.1,6.442857143,6.671428571,0.464723172,0.885456026,84,90,104,88.5,0
2014,5,71,2014-01-27 00:00:00,2014-01-27,23.81428571,18.4,20.82857143,94.71428571,75.14285714,85.57142857,65.9,65.9,6.742857143,5.414285714,0.568064747,0.822983866,86,84,94,82.8,0
2014,6,81,2014-02-03 00:00:00,2014-02-03,24.01428571,17.91428571,20.65714286,94,72.14285714,84.71428571,33.6,33.6,5.785714286,6.1,0.663122658,0.748510748,71,86,90,80.5,0
2014,7,53,2014-02-10 00:00:00,2014-02-10,24.48571429,18.7,20.92857143,94.42857143,71.71428571,85.42857143,59.7,59.7,7.171428571,5.785714286,0.748510748,0.663122658,81,71,84,72.8,0
2014,8,63,2014-02-17 00:00:00,2014-02-17,24.37142857,18.9,21.2,93.71428571,74.14285714,84.57142857,83.1,83.1,6.571428571,5.471428571,0.822983866,0.568064747,53,81,86,67,0
2014,9,54,2014-02-24 00:00:00,2014-02-24,23.88571429,18.37142857,20.71428571,94.71428571,75.42857143,86.85714286,119.4,119.4,6.714285714,5.514285714,0.885456026,0.464723172,63,53,71,62.8,0
2014,10,58,2014-03-03 00:00:00,2014-03-03,23.61428571,18.17142857,20.35714286,96.14285714,76,87.42857143,131.7,131.7,5.942857143,5.442857143,0.935016243,0.354604887,54,63,81,57,0
2014,11,56,2014-03-10 00:00:00,2014-03-10,24.47142857,17.97142857,20.84285714,94.71428571,70.71428571,85,48.1,48.1,6.442857143,6.5,0.970941817,0.239315664,58,54,53,57.8,0
2014,12,54,2014-03-17 00:00:00,2014-03-17,25.38571429,18.34285714,21.52857143,93.85714286,69.85714286,84,42.5,42.5,7.628571429,7.042857143,0.992708874,0.12053668,56,58,63,55.5,0
2014,13,40,2014-03-24 00:00:00,2014-03-24,24.37142857,18.3,21,94.42857143,72,84.57142857,109,109,6.571428571,6.071428571,1,-1.60812E-16,54,56,54,52,0
2014,14,62,2014-03-31 00:00:00,2014-03-31,26.32857143,18.54285714,22.14285714,92,63,80,3.3,3.3,7.442857143,7.785714286,0.992708874,-0.12053668,40,54,58,53,0
2014,15,60,2014-04-07 00:00:00,2014-04-07,25.67142857,18.08571429,21.65714286,94.57142857,68.14285714,83.57142857,6.6,6.6,7.657142857,7.585714286,0.970941817,-0.239315664,62,40,56,54,0
2014,16,48,2014-04-14 00:00:00,2014-04-14,25.32857143,19.17142857,21.71428571,91.14285714,68.28571429,82.57142857,37.9,37.9,7.1,6.157142857,0.935016243,-0.354604887,60,62,54,52.5,0
2014,17,55,2014-04-21 00:00:00,2014-04-21,24.81428571,19.25714286,21.54285714,93.14285714,71,83.85714286,127,127,7.314285714,5.557142857,0.885456026,-0.464723172,48,60,40,56.2,0
2014,18,53,2014-04-28 00:00:00,2014-04-28,24.35714286,18.91428571,21.24285714,94.14285714,74.14285714,85.42857143,64,64,7.857142857,5.442857143,0.822983866,-0.568064747,55,48,62,54,0
2014,19,48,2014-05-05 00:00:00,2014-05-05,23.62857143,18.22857143,20.54285714,95.85714286,77.57142857,88.14285714,165.1,165.1,6.1,5.4,0.748510748,-0.663122658,53,55,60,51,0
2014,20,50,2014-05-12 00:00:00,2014-05-12,25.1,18.7,21.65714286,92.42857143,69,82.71428571,22.3,22.3,6.957142857,6.4,0.663122658,-0.748510748,48,53,48,51.5,0
2014,21,50,2014-05-19 00:00:00,2014-05-19,24.75714286,17.71428571,21.01428571,95.28571429,71.42857143,85,65.7,65.7,7.271428571,7.042857143,0.568064747,-0.822983866,50,48,55,50.2,0
2014,22,31,2014-05-26 00:00:00,2014-05-26,24.92857143,18.64285714,21.51428571,94,71.85714286,84.42857143,37.1,37.1,7.571428571,6.285714286,0.464723172,-0.885456026,50,50,53,44.8,0
2014,23,66,2014-06-02 00:00:00,2014-06-02,24.68571429,18.6,21.44285714,92.57142857,71.71428571,84,12.4,12.4,7.442857143,6.085714286,0.354604887,-0.935016243,31,50,48,49.2,0
2014,24,65,2014-06-09 00:00:00,2014-06-09,26.04285714,17.9,21.94285714,94,65.57142857,81.14285714,2,2,7.771428571,8.142857143,0.239315664,-0.970941817,66,31,50,53,0
2014,25,61,2014-06-16 00:00:00,2014-06-16,25.92857143,17.84285714,22.24285714,93.42857143,62.71428571,78.57142857,0.5,0.5,7.428571429,8.085714286,0.12053668,-0.992708874,65,66,50,55.8,0
2014,26,57,2014-06-23 00:00:00,2014-06-23,25.05714286,17.61428571,21.17142857,94.28571429,68.42857143,83.42857143,29,29,8,7.442857143,-3.21625E-16,-1,61,65,31,62.2,0
2014,27,77,2014-06-30 00:00:00,2014-06-30,25.32857143,17.45714286,21.24285714,94.85714286,67.28571429,84,39.3,39.3,7.428571429,7.871428571,-0.12053668,-0.992708874,57,61,66,65,0
2014,28,66,2014-07-07 00:00:00,2014-07-07,26.14285714,17.74285714,22.02857143,94.28571429,59.42857143,78.71428571,8.9,8.9,7.6,8.4,-0.239315664,-0.970941817,77,57,65,65.2,0
2014,29,59,2014-07-14 00:00:00,2014-07-14,26.34285714,18.05714286,22.28571429,92.71428571,59.14285714,77.85714286,0.1,0.1,7.457142857,8.285714286,-0.354604887,-0.935016243,66,77,61,64.8,0
2014,30,75,2014-07-21 00:00:00,2014-07-21,25.84285714,16.97142857,21.35714286,95.42857143,63.14285714,82.42857143,3.5,3.5,7.642857143,8.871428571,-0.464723172,-0.885456026,59,66,57,69.2,0
2014,31,74,2014-07-28 00:00:00,2014-07-28,25.84285714,16.8,21.28571429,95.85714286,59.14285714,80.28571429,31.2,31.2,8.171428571,9.042857143,-0.568064747,-0.822983866,75,59,77,68.5,0
2014,32,64,2014-08-04 00:00:00,2014-08-04,24.92857143,16.57142857,20.81428571,94.71428571,65.42857143,82.14285714,8.4,8.4,7.742857143,8.357142857,-0.663122658,-0.748510748,74,75,66,68,0
2014,33,69,2014-08-11 00:00:00,2014-08-11,25.88571429,17.38571429,21.37142857,94,61.57142857,80.14285714,3.2,3.2,7.857142857,8.5,-0.748510748,-0.663122658,64,74,59,70.5,0
2014,34,54,2014-08-18 00:00:00,2014-08-18,25.2,17.57142857,21.02857143,94.42857143,65,81.57142857,19.9,19.9,8.728571429,7.628571429,-0.822983866,-0.568064747,69,64,75,65.2,0
2014,35,43,2014-08-25 00:00:00,2014-08-25,25.42857143,16.82857143,20.91428571,94.57142857,62.14285714,81.57142857,23.5,23.5,8.914285714,8.6,-0.885456026,-0.464723172,54,69,74,57.5,0
2014,36,60,2014-09-01 00:00:00,2014-09-01,25.74285714,17.38571429,21.44285714,94.42857143,65.57142857,81.71428571,22.1,22.1,8.6,8.357142857,-0.935016243,-0.354604887,43,54,64,56.5,0
2014,37,63,2014-09-08 00:00:00,2014-09-08,24.67142857,17.65714286,20.88571429,93.85714286,68.71428571,84,34.2,34.2,8.428571429,7.014285714,-0.970941817,-0.239315664,60,43,69,55,0
2014,38,44,2014-09-15 00:00:00,2014-09-15,24.7,17.71428571,20.78571429,93.71428571,68.28571429,82.85714286,33.5,33.5,8.114285714,6.985714286,-0.992708874,-0.12053668,63,60,54,52.5,0
2014,39,58,2014-09-22 00:00:00,2014-09-22,24.67142857,17.65714286,20.85714286,93,69,84,45.6,45.6,7.657142857,7.014285714,-1,-1.83697E-16,44,63,43,56.2,0
2014,40,58,2014-09-29 00:00:00,2014-09-29,26.04285714,17.07142857,21.34285714,94.42857143,62.71428571,82.28571429,20.8,20.8,7.871428571,8.971428571,-0.992708874,0.12053668,58,44,60,55.8,0
2014,41,39,2014-10-06 00:00:00,2014-10-06,23.81428571,18.34285714,20.81428571,94.57142857,73,85.14285714,57.7,57.7,7.185714286,5.471428571,-0.970941817,0.239315664,58,58,63,49.8,0
2014,42,66,2014-10-13 00:00:00,2014-10-13,24.58571429,17.68571429,20.82857143,93.85714286,68.57142857,84.28571429,27.8,27.8,7.871428571,6.9,-0.935016243,0.354604887,39,58,44,55.2,0
2014,43,59,2014-10-20 00:00:00,2014-10-20,24.02857143,17.88571429,20.61428571,94.71428571,73.28571429,86.14285714,113.8,113.8,6.642857143,6.142857143,-0.885456026,0.464723172,66,39,58,55.5,0
2014,44,41,2014-10-27 00:00:00,2014-10-27,24.17142857,18.47142857,20.85714286,93.42857143,70.28571429,83.85714286,49.1,49.1,6.571428571,5.7,-0.822983866,0.568064747,59,66,58,51.2,0
2014,45,46,2014-11-03 00:00:00,2014-11-03,24.35714286,18.74285714,21.14285714,93.85714286,73.14285714,85.71428571,66.4,66.4,6.514285714,5.614285714,-0.748510748,0.663122658,41,59,39,53,0
2014,46,61,2014-11-10 00:00:00,2014-11-10,22.88571429,17.4,19.94285714,93.57142857,74.28571429,86,138.2,138.2,6.057142857,5.485714286,-0.663122658,0.748510748,46,41,66,51.8,0
2014,47,41,2014-11-17 00:00:00,2014-11-17,23.57142857,17.82857143,20.3,95.28571429,75,87,83.3,83.3,6.3,5.742857143,-0.568064747,0.822983866,61,46,59,47.2,0
2014,48,41,2014-11-24 00:00:00,2014-11-24,24.35714286,18.65714286,21.22857143,94.14285714,73.71428571,84.85714286,49.9,49.9,7.342857143,5.7,-0.464723172,0.885456026,41,61,41,47.2,0
2014,49,67,2014-12-01 00:00:00,2014-12-01,24.77142857,18.17142857,21.3,95.28571429,71.14285714,84.71428571,49.7,49.7,7,6.6,-0.354604887,0.935016243,41,41,46,52.5,0
2014,50,68,2014-12-08 00:00:00,2014-12-08,23.44285714,17.61428571,20.04285714,96,72.42857143,86.71428571,118.7,118.7,5.614285714,5.828571429,-0.239315664,0.970941817,67,41,61,54.2,0
2014,51,78,2014-12-15 00:00:00,2014-12-15,24.4,17.55714286,20.75714286,94.28571429,71.28571429,84.42857143,26.2,26.2,6.342857143,6.842857143,-0.12053668,0.992708874,68,67,41,63.5,0
2014,52,62,2014-12-22 00:00:00,2014-12-22,26.18571429,17.11428571,21.77142857,95.28571429,66.28571429,83.14285714,54.4,54.4,7.685714286,9.071428571,6.43249E-16,1,78,68,41,68.8,0
2014,53,66,2014-12-22 00:00:00,,,,,,,,,,,,0.12053668,0.992708874,62,78,67,68.5,0
2015,1,90,2014-12-29 00:00:00,2014-12-29,26.1,16.17142857,21.35714286,97.57142857,63.14285714,83.28571429,25.1,25.1,7.757142857,9.928571429,0.12053668,0.992708874,66,62,68,74,0
2015,2,97,2015-01-05 00:00:00,2015-01-05,26.05714286,17.54285714,21.67142857,93.85714286,64.42857143,81.85714286,2.3,2.3,7.571428571,8.514285714,0.239315664,0.970941817,90,66,78,78.8,0
2015,3,128,2015-01-12 00:00:00,2015-01-12,24.72857143,18.24285714,21.14285714,94,70.85714286,84.14285714,39.1,39.1,7.542857143,6.485714286,0.354604887,0.935016243,97,90,62,95.2,1
2015,4,110,2015-01-19 00:00:00,2015-01-19,23.5,18.28571429,20.52857143,95.42857143,74.28571429,85.71428571,44,44,6.557142857,5.214285714,0.464723172,0.885456026,128,97,66,106.2,1
2015,5,122,2015-01-26 00:00:00,2015-01-26,25.11428571,17.57142857,20.98571429,94.57142857,69.28571429,84.57142857,37.5,37.5,7.971428571,7.542857143,0.568064747,0.822983866,110,128,90,114.2,1
2015,6,105,2015-02-02 00:00:00,2015-02-02,23.85714286,18.2,20.68571429,95.28571429,75.85714286,86.71428571,77.2,77.2,6.885714286,5.657142857,0.663122658,0.748510748,122,110,97,116.2,0
2015,7,131,2015-02-09 00:00:00,2015-02-09,25.17142857,18.4,21.27142857,93,70.14285714,84.28571429,54.2,54.2,7.057142857,6.771428571,0.748510748,0.663122658,105,122,128,117,1
2015,8,89,2015-02-16 00:00:00,2015-02-16,25.28571429,18.25714286,21.25714286,93.42857143,68.28571429,83.14285714,12.6,12.6,7.314285714,7.028571429,0.822983866,0.568064747,131,105,110,111.8,0
2015,9,97,2015-02-23 00:00:00,2015-02-23,25.02857143,18.35714286,21.24285714,93.57142857,69.57142857,83,27,27,7.714285714,6.671428571,0.885456026,0.464723172,89,131,122,105.5,0
2015,10,90,2015-03-02 00:00:00,2015-03-02,24.97142857,18.75714286,21.34285714,93.71428571,70.85714286,85.28571429,95.6,95.6,7.328571429,6.214285714,0.935016243,0.354604887,97,89,105,101.8,0
2015,11,98,2015-03-09 00:00:00,2015-03-09,25.82857143,19.45714286,22.15714286,94.57142857,70,84.28571429,89.5,89.5,7.271428571,6.371428571,0.970941817,0.239315664,90,97,131,93.5,0
2015,12,71,2015-03-16 00:00:00,2015-03-16,23.45714286,18.02857143,20.25714286,95,75.14285714,87.85714286,243.5,243.5,5.614285714,5.428571429,0.992708874,0.12053668,98,90,89,89,0
2015,13,79,2015-03-23 00:00:00,2015-03-23,24.34285714,18.12857143,20.85714286,94.71428571,73,85.57142857,118.5,118.5,6.685714286,6.214285714,1,-1.60812E-16,71,98,97,84.5,0
2015,14,74,2015-03-30 00:00:00,2015-03-30,24.68571429,18.48571429,21.12857143,93.71428571,70.57142857,84.71428571,107.9,107.9,6.671428571,6.2,0.992708874,-0.12053668,79,71,90,80.5,0
2015,15,95,2015-04-06 00:00:00,2015-04-06,26.25714286,18.7,22.18571429,93.14285714,65.42857143,81.42857143,17.1,17.1,7.642857143,7.557142857,0.970941817,-0.239315664,74,79,98,79.8,0
2015,16,95,2015-04-13 00:00:00,2015-04-13,24.81428571,18.85714286,21.55714286,92.42857143,69.71428571,83,30.7,30.7,6.414285714,5.957142857,0.935016243,-0.354604887,95,74,71,85.8,0
2015,17,113,2015-04-20 00:00:00,2015-04-20,25.6,18.47142857,21.84285714,93.28571429,68.42857143,82.57142857,32.1,32.1,7.4,7.128571429,0.885456026,-0.464723172,95,95,79,94.2,1
2015,18,102,2015-04-27 00:00:00,2015-04-27,24.92857143,17.98571429,21.42857143,95.71428571,72.57142857,85.85714286,91.2,91.2,7.5,6.942857143,0.822983866,-0.568064747,113,95,74,101.2,0
2015,19,117,2015-05-04 00:00:00,2015-05-04,26.14285714,18.14285714,21.97142857,94.71428571,67,82.42857143,5.1,5.1,8,8,0.748510748,-0.663122658,102,113,95,106.8,1
2015,20,91,2015-05-11 00:00:00,2015-05-11,26.07142857,18.44285714,21.98571429,94.42857143,66.14285714,82.85714286,7,7,7.8,7.628571429,0.663122658,-0.748510748,117,102,95,105.8,0
2015,21,94,2015-05-18 00:00:00,2015-05-18,25.37142857,18.24285714,21.5,93.71428571,68.57142857,83.85714286,13.3,13.3,7.357142857,7.128571429,0.568064747,-0.822983866,91,117,113,101,0
2015,22,102,2015-05-25 00:00:00,2015-05-25,24.75714286,18.57142857,21.11428571,93.42857143,69.85714286,83.85714286,38.2,38.2,7.628571429,6.185714286,0.464723172,-0.885456026,94,91,102,101,0
2015,23,69,2015-06-01 00:00:00,2015-06-01,25.32857143,18,21.4,93.42857143,67.71428571,83.71428571,11,11,7.557142857,7.328571429,0.354604887,-0.935016243,102,94,117,89,0
2015,24,56,2015-06-08 00:00:00,2015-06-08,24.58571429,17.95714286,20.9,94.42857143,71,85.14285714,50.4,50.4,7.642857143,6.628571429,0.239315664,-0.970941817,69,102,91,80.2,0
2015,25,73,2015-06-15 00:00:00,2015-06-15,26.57142857,18.37142857,22.34285714,93.28571429,60.85714286,79.14285714,1.7,1.7,7.785714286,8.2,0.12053668,-0.992708874,56,69,94,75,0
2015,26,90,2015-06-22 00:00:00,2015-06-22,27.57142857,18.1,22.74285714,94,55.85714286,77.42857143,0.2,0.2,8.1,9.471428571,-3.21625E-16,-1,73,56,102,72,0
2015,27,62,2015-06-29 00:00:00,2015-06-29,26.3,17.45714286,21.84285714,95.85714286,63,81.71428571,3.5,3.5,7.957142857,8.842857143,-0.12053668,-0.992708874,90,73,69,70.2,0
2015,28,73,2015-07-06 00:00:00,2015-07-06,25.01428571,18.4,21.52857143,93,69,83.42857143,38.5,38.5,7.314285714,6.614285714,-0.239315664,-0.970941817,62,90,56,74.5,0
2015,29,59,2015-07-13 00:00:00,2015-07-13,24.95714286,17.28571429,21.02857143,94.28571429,68.28571429,83.42857143,69,69,7.5,7.671428571,-0.354604887,-0.935016243,73,62,73,71,0
2015,30,57,2015-07-20 00:00:00,2015-07-20,25.6,17.44285714,21.27142857,94.57142857,62.57142857,81.28571429,28.7,28.7,8.314285714,8.157142857,-0.464723172,-0.885456026,59,73,90,62.8,0
2015,31,73,2015-07-27 00:00:00,2015-07-27,25.97142857,17.67142857,21.77142857,92.71428571,62.14285714,80.42857143,0.6,0.6,7.328571429,8.3,-0.568064747,-0.822983866,57,59,62,65.5,0
2015,32,26,2015-08-03 00:00:00,2015-08-03,25.91428571,17.9,21.77142857,94.57142857,63.85714286,81.71428571,38.5,38.5,7.842857143,8.014285714,-0.663122658,-0.748510748,73,57,73,53.8,0
2015,33,61,2015-08-10 00:00:00,2015-08-10,25.58571429,17.34285714,21.5,95,67.85714286,83.28571429,5.6,5.6,7.628571429,8.242857143,-0.748510748,-0.663122658,26,73,59,54.2,0
2015,34,46,2015-08-17 00:00:00,2015-08-17,25.7,17.12857143,21.4,96.57142857,65.71428571,83.28571429,18,18,7.785714286,8.571428571,-0.822983866,-0.568064747,61,26,57,51.5,0
2015,35,48,2015-08-24 00:00:00,2015-08-24,25.88571429,17.7,21.71428571,95.14285714,65.14285714,82,7.6,7.6,7.714285714,8.185714286,-0.885456026,-0.464723172,46,61,73,45.2,0
2015,36,73,2015-08-31 00:00:00,2015-08-31,26.32857143,17.21428571,21.57142857,95,63.42857143,82.42857143,10.3,10.3,7.414285714,9.114285714,-0.935016243,-0.354604887,48,46,26,57,0
2015,37,78,2015-09-07 00:00:00,2015-09-07,25.87142857,17.11428571,21.34285714,96.57142857,65.14285714,83.85714286,31,31,8.385714286,8.757142857,-0.970941817,-0.239315664,73,48,61,61.2,0
2015,38,77,2015-09-14 00:00:00,2015-09-14,26.51428571,18.21428571,21.95714286,95.14285714,62.57142857,82,52.7,52.7,8.485714286,8.3,-0.992708874,-0.12053668,78,73,46,69,0
2015,39,67,2015-09-21 00:00:00,2015-09-21,26.28571429,17.97142857,21.97142857,95.42857143,65.28571429,83.42857143,11.4,11.4,8,8.314285714,-1,-1.83697E-16,77,78,48,73.8,0
2015,40,53,2015-09-28 00:00:00,2015-09-28,25.34285714,18.31428571,21.42857143,93.85714286,68.14285714,83.71428571,42.9,42.9,7.8,7.028571429,-0.992708874,0.12053668,67,77,73,68.8,0
2015,41,84,2015-10-05 00:00:00,2015-10-05,25.65714286,18.31428571,21.68571429,95.14285714,69.28571429,84.42857143,56,56,8.042857143,7.342857143,-0.970941817,0.239315664,53,67,78,70.2,0
2015,42,71,2015-10-12 00:00:00,2015-10-12,24.98571429,19.17142857,21.57142857,94.42857143,71,84.71428571,137.1,137.1,6.828571429,5.814285714,-0.935016243,0.354604887,84,53,77,68.8,0
2015,43,70,2015-10-19 00:00:00,2015-10-19,25.04285714,18.24285714,21.37142857,94.71428571,72.42857143,85.71428571,32.9,32.9,7.557142857,6.8,-0.885456026,0.464723172,71,84,67,69.5,0
2015,44,88,2015-10-26 00:00:00,2015-10-26,23.02857143,18.1,20.42857143,94.85714286,77.71428571,88,126.9,126.9,7.2,4.928571429,-0.822983866,0.568064747,70,71,53,78.2,0
2015,45,95,2015-11-02 00:00:00,2015-11-02,23.77142857,18.2,20.55714286,94,73.71428571,85.42857143,86.2,86.2,6.142857143,5.571428571,-0.748510748,0.663122658,88,70,84,81,0
2015,46,68,2015-11-09 00:00:00,2015-11-09,25.34285714,18.34285714,21.61428571,93.42857143,70.28571429,83.71428571,29.3,29.3,7.2,7,-0.663122658,0.748510748,95,88,71,80.2,0
2015,47,95,2015-11-16 00:00:00,2015-11-16,24.25714286,18.92857143,21.08571429,93.71428571,73.57142857,85.57142857,116.3,116.3,6.742857143,5.328571429,-0.568064747,0.822983866,68,95,70,86.5,0
2015,48,104,2015-11-23 00:00:00,2015-11-23,25.3,19.2,21.77142857,93.71428571,71,83.71428571,56.6,56.6,7.028571429,6.1,-0.464723172,0.885456026,95,68,88,90.5,0
2015,49,109,2015-11-30 00:00:00,2015-11-30,26.1,18.5,21.91428571,94,68.28571429,84.14285714,19.2,19.2,7.828571429,7.6,-0.354604887,0.935016243,104,95,95,94,0
2015,50,124,2015-12-07 00:00:00,2015-12-07,25.51428571,17.77142857,21.65714286,94,68.71428571,83.14285714,29.9,29.9,7.271428571,7.742857143,-0.239315664,0.970941817,109,104,68,108,1
2015,51,137,2015-12-14 00:00:00,2015-12-14,25,18.91428571,21.7,92.71428571,72.28571429,83.85714286,31.2,31.2,7.357142857,6.085714286,-0.12053668,0.992708874,124,109,95,118.5,1
2015,52,142,2015-12-21 00:00:00,2015-12-21,27.02857143,17.57142857,22.24285714,96.42857143,64.42857143,83.14285714,7.8,7.8,7.457142857,9.457142857,6.43249E-16,1,137,124,104,128,1
2016,1,228,2016-01-04 00:00:00,2016-01-04,24.98571429,19.71428571,21.77142857,95.57142857,74.28571429,86.85714286,93.2,93.2,6.114285714,5.271428571,0.12053668,0.992708874,142,137,109,157.8,1
2016,2,260,2016-01-11 00:00:00,2016-01-11,24.72857143,18.37142857,21.42857143,95.85714286,75.57142857,87.14285714,52,52,7.171428571,6.357142857,0.239315664,0.970941817,228,142,124,191.8,1
2016,3,262,2016-01-18 00:00:00,2016-01-18,25.68571429,17.4,21.65714286,96.14285714,71,85.14285714,30.1,30.1,8,8.285714286,0.354604887,0.935016243,260,228,137,223,1
2016,4,297,2016-01-25 00:00:00,2016-01-25,25.11428571,17.91428571,21.41428571,95.57142857,72.71428571,86.42857143,65.7,65.7,8.057142857,7.2,0.464723172,0.885456026,262,260,142,261.8,1
2016,5,298,2016-02-01 00:00:00,2016-02-01,25.68571429,17.6,21.57142857,95.57142857,68.85714286,84.71428571,13.8,13.8,7.242857143,8.085714286,0.568064747,0.822983866,297,262,228,279.2,1
2016,6,386,2016-02-08 00:00:00,2016-02-08,25.95714286,19.17142857,22.31428571,93.42857143,71.57142857,84.85714286,21.9,21.9,7.214285714,6.785714286,0.663122658,0.748510748,298,297,260,310.8,1
2016,7,315,2016-02-15 00:00:00,2016-02-15,26.44285714,19.47142857,22.5,94.57142857,69.71428571,84.42857143,28.7,28.7,7.642857143,6.971428571,0.748510748,0.663122658,386,298,262,324,1
2016,8,328,2016-02-22 00:00:00,2016-02-22,26.1,19.81428571,22.37142857,93.42857143,70,83.71428571,124.2,124.2,7.428571429,6.285714286,0.822983866,0.568064747,315,386,297,331.8,1
2016,9,371,2016-02-29 00:00:00,2016-02-29,24.64285714,19.12857143,21.55714286,93.71428571,75,86.57142857,68.2,68.2,7.557142857,5.514285714,0.885456026,0.464723172,328,315,298,350,1
2016,10,263,2016-03-07 00:00:00,2016-03-07,25.24285714,19.11428571,21.82857143,94.42857143,72.14285714,85,116.7,116.7,6.771428571,6.128571429,0.935016243,0.354604887,371,328,386,319.2,1
2016,11,182,2016-03-14 00:00:00,2016-03-14,26.07142857,19.28571429,22.28571429,93.57142857,69.42857143,83.57142857,29.5,29.5,7.485714286,6.785714286,0.970941817,0.239315664,263,371,315,286,1
2016,12,208,2016-03-21 00:00:00,2016-03-21,26.94285714,18.71428571,22.75714286,95,68.71428571,83.85714286,23.4,23.4,8.042857143,8.228571429,0.992708874,0.12053668,182,263,328,256,1
2016,13,244,2016-03-28 00:00:00,2016-03-28,24.62857143,19.21428571,21.52857143,96,76.42857143,88,173.2,173.2,6.714285714,5.414285714,1,-1.60812E-16,208,182,371,224.2,1
2016,14,227,2016-04-04 00:00:00,2016-04-04,26.11428571,19.67142857,22.47142857,93.28571429,68.71428571,82.71428571,42.7,42.7,7.114285714,6.442857143,0.992708874,-0.12053668,244,208,263,215.2,1
2016,15,241,2016-04-11 00:00:00,2016-04-11,25.35714286,19.91428571,22.21428571,93.14285714,72.42857143,84.42857143,156.5,156.5,7.042857143,5.442857143,0.970941817,-0.239315664,227,244,182,230,1
2016,16,193,2016-04-18 00:00:00,2016-04-18,26.31428571,19.34285714,22.38571429,94.42857143,69.28571429,84.28571429,27,27,7.485714286,6.971428571,0.935016243,-0.354604887,241,227,208,226.2,1
2016,17,179,2016-04-25 00:00:00,2016-04-25,24.77142857,19.68571429,21.78571429,94.42857143,73.57142857,86,173.2,173.2,7.142857143,5.085714286,0.885456026,-0.464723172,193,241,244,210,1
2016,18,180,2016-05-02 00:00:00,2016-05-02,25.07142857,19.25714286,21.88571429,93,72.85714286,84.42857143,88.1,88.1,7.057142857,5.814285714,0.822983866,-0.568064747,179,193,227,198.2,1
2016,19,244,2016-05-09 00:00:00,2016-05-09,25.87142857,18.94285714,22.07142857,93.14285714,68.42857143,83.14285714,47.1,47.1,7.242857143,6.928571429,0.748510748,-0.663122658,180,179,241,199,1
2016,20,210,2016-05-16 00:00:00,2016-05-16,26.54285714,19.01428571,22.5,93.57142857,68.14285714,83.14285714,10.7,10.7,7.6,7.528571429,0.663122658,-0.748510748,244,180,193,203.2,1
2016,21,169,2016-05-23 00:00:00,2016-05-23,24.77142857,18.95714286,21.94285714,93.42857143,73.85714286,84.57142857,31.2,31.2,7.357142857,5.814285714,0.568064747,-0.822983866,210,244,179,200.8,1
2016,22,136,2016-05-30 00:00:00,2016-05-30,25.32857143,18.28571429,21.48571429,93.85714286,67.85714286,83.42857143,67.7,67.7,6.885714286,7.042857143,0.464723172,-0.885456026,169,210,180,189.8,1
2016,23,144,2016-06-06 00:00:00,2016-06-06,25.21428571,17.82857143,21.25714286,93.85714286,66.85714286,82.71428571,35.6,35.6,7.814285714,7.385714286,0.354604887,-0.935016243,136,169,244,164.8,1
2016,24,138,2016-06-13 00:00:00,2016-06-13,25.47142857,17.74285714,21.42857143,92.85714286,64.57142857,81.28571429,4.6,4.6,7.328571429,7.728571429,0.239315664,-0.970941817,144,136,210,146.8,1
2016,25,111,2016-06-20 00:00:00,2016-06-20,25.21428571,17.91428571,21.28571429,93.28571429,66.85714286,82.71428571,28.3,28.3,7.528571429,7.3,0.12053668,-0.992708874,138,144,169,132.2,1
2016,26,122,2016-06-27 00:00:00,2016-06-27,25.95714286,18.57142857,21.84285714,92.71428571,63.42857143,81.42857143,15.3,15.3,7.7,7.385714286,-3.21625E-16,-1,111,138,136,128.8,1
2016,27,101,2016-07-04 00:00:00,2016-07-04,26.01428571,18.08571429,21.92857143,94.14285714,63.57142857,80.57142857,17,17,7.571428571,7.928571429,-0.12053668,-0.992708874,122,111,144,118,0
2016,28,92,2016-07-11 00:00:00,2016-07-11,24.47142857,17.61428571,20.74285714,94.28571429,70.42857143,84.57142857,40.8,40.8,7.757142857,6.857142857,-0.239315664,-0.970941817,101,122,138,106.5,0
2016,29,57,2016-07-18 00:00:00,2016-07-18,24.71428571,17.07142857,20.81428571,94.57142857,68.28571429,83.14285714,23.2,23.2,7.314285714,7.642857143,-0.354604887,-0.935016243,92,101,111,93,0
2016,30,44,2016-07-25 00:00:00,2016-07-25,25.7,17.95714286,21.55714286,92,63.42857143,81.14285714,5.1,5.1,7.014285714,7.742857143,-0.464723172,-0.885456026,57,92,122,73.5,0
2016,31,52,2016-08-01 00:00:00,2016-08-01,26.6,17.64285714,21.78571429,93.71428571,60.57142857,80.14285714,10.1,10.1,7.9,8.957142857,-0.568064747,-0.822983866,44,57,101,61.2,0
2016,32,47,2016-08-08 00:00:00,2016-08-08,25.45714286,17.51428571,21.27142857,95.14285714,66.71428571,84,12.7,12.7,7.9,7.942857143,-0.663122658,-0.748510748,52,44,92,50,0
2016,33,47,2016-08-15 00:00:00,2016-08-15,26.28571429,17.17142857,21.42857143,95.85714286,63.42857143,83,7.6,7.6,7.628571429,9.114285714,-0.748510748,-0.663122658,47,52,57,47.5,0
2016,34,39,2016-08-22 00:00:00,2016-08-22,25.67142857,17.28571429,21.3,95.42857143,63.85714286,82.42857143,41.6,41.6,7.642857143,8.385714286,-0.822983866,-0.568064747,47,47,44,46.2,0
2016,35,27,2016-08-29 00:00:00,2016-08-29,24.7,17.82857143,20.77142857,95.42857143,69.71428571,84.85714286,71,71,8.242857143,6.871428571,-0.885456026,-0.464723172,39,47,52,40,0
2016,36,33,2016-09-05 00:00:00,2016-09-05,25.18571429,17.45714286,21.08571429,94.42857143,67.14285714,83.57142857,38.5,38.5,8.228571429,7.728571429,-0.935016243,-0.354604887,27,39,47,36.5,0
2016,37,40,2016-09-12 00:00:00,2016-09-12,24.62857143,17.65714286,20.91428571,95.85714286,70.71428571,85.57142857,29.4,29.4,7.914285714,6.971428571,-0.970941817,-0.239315664,33,27,47,34.8,0
2016,38,40,2016-09-19 00:00:00,2016-09-19,24.65714286,17.32857143,21.12857143,94.71428571,68.57142857,83.42857143,13.7,13.7,7.557142857,7.328571429,-0.992708874,-0.12053668,40,33,39,35,0
2016,39,21,2016-09-26 00:00:00,2016-09-26,24.38571429,17.68571429,20.7,95.28571429,72.42857143,86.28571429,159.2,159.2,6.9,6.7,-1,-1.83697E-16,40,40,27,33.5,0
2016,40,25,2016-10-03 00:00:00,2016-10-03,23.98571429,18.95714286,20.9,94.14285714,74.28571429,85.57142857,93.4,93.4,6.528571429,5.028571429,-0.992708874,0.12053668,21,40,33,31.5,0
2016,41,28,2016-10-10 00:00:00,2016-10-10,25,18.27142857,21.34285714,93.71428571,70.71428571,84.28571429,24.5,24.5,7.428571429,6.728571429,-0.970941817,0.239315664,25,21,40,28.5,0
2016,42,52,2016-10-17 00:00:00,2016-10-17,24.34285714,17.68571429,20.77142857,96,72.42857143,86.28571429,147.6,147.6,7.628571429,6.657142857,-0.935016243,0.354604887,28,25,40,31.5,0
2016,43,37,2016-10-24 00:00:00,2016-10-24,23.85714286,18.48571429,20.61428571,94.28571429,74.85714286,86.71428571,194.3,194.3,6.828571429,5.371428571,-0.885456026,0.464723172,52,28,21,35.5,0
2016,44,30,2016-10-31 00:00:00,2016-10-31,24.52857143,18.84285714,21.24285714,93.71428571,74.14285714,86,69.1,69.1,7.3,5.685714286,-0.822983866,0.568064747,37,52,25,36.8,0
2016,45,28,2016-11-07 00:00:00,2016-11-07,24.21428571,18.85714286,21.14285714,93.42857143,73.85714286,85.42857143,77.8,77.8,6.7,5.357142857,-0.748510748,0.663122658,30,37,28,36.8,0
2016,46,23,2016-11-14 00:00:00,2016-11-14,23.32857143,18.22857143,20.38571429,94.14285714,76,86.28571429,165.2,165.2,5.657142857,5.1,-0.663122658,0.748510748,28,30,52,29.5,0
2016,47,30,2016-11-21 00:00:00,2016-11-21,25.14285714,17.94285714,21.11428571,92.42857143,65.57142857,81,58.9,58.9,6.971428571,7.2,-0.568064747,0.822983866,23,28,37,27.8,0
2016,48,23,2016-11-28 00:00:00,2016-11-28,24.12857143,18.92857143,21.1,94,75.57142857,86.28571429,88.6,88.6,6.471428571,5.2,-0.464723172,0.885456026,30,23,30,26,0
2016,49,29,2016-12-05 00:00:00,2016-12-05,24.27142857,17.88571429,20.72857143,95.42857143,71.28571429,85.42857143,84.2,84.2,7.314285714,6.385714286,-0.354604887,0.935016243,23,30,28,26.2,0
2016,50,25,2016-12-12 00:00:00,2016-12-12,25.1,18.65714286,21.38571429,92.14285714,67.85714286,82.85714286,31.3,31.3,7.442857143,6.442857143,-0.239315664,0.970941817,29,23,23,26.8,0
2016,51,15,2016-12-19 00:00:00,2016-12-19,23.51428571,17.98571429,20.3,95.71428571,75.28571429,87.57142857,152.6,152.6,6.442857143,5.528571429,-0.12053668,0.992708874,25,29,30,23,0
2016,52,25,2016-12-26 00:00:00,2016-12-26,25.04285714,18.31428571,21.22857143,95,69.57142857,85.28571429,46.1,46.1,7.057142857,6.728571429,6.43249E-16,1,15,25,23,23.5,0
2017,1,31,2017-01-02 00:00:00,2017-01-02,24.97142857,18.35714286,21.35714286,97.28571429,70.42857143,85.71428571,61.3,61.3,6.685714286,6.614285714,0.12053668,0.992708874,25,15,29,24,0
2017,2,32,2017-01-09 00:00:00,2017-01-09,24.21428571,18,20.72857143,96.28571429,69.57142857,86.14285714,60.3,60.3,7.771428571,6.214285714,0.239315664,0.970941817,31,25,25,25.8,0
2017,3,39,2017-01-16 00:00:00,2017-01-16,23.92857143,18.4,20.65714286,96.71428571,71.85714286,86.14285714,74.3,74.3,6.871428571,5.528571429,0.354604887,0.935016243,32,31,15,31.8,0
2017,4,34,2017-01-23 00:00:00,2017-01-23,25.57142857,18.11428571,21.27142857,93.71428571,61.71428571,81.28571429,71.4,71.4,7.457142857,7.457142857,0.464723172,0.885456026,39,32,25,34,0
2017,5,23,2017-01-30 00:00:00,2017-01-30,25.64285714,18.44285714,21.71428571,95.14285714,65,82.71428571,88,88,6.671428571,7.2,0.568064747,0.822983866,34,39,31,32,0
2017,6,25,2017-02-06 00:00:00,2017-02-06,25.98571429,19.18571429,22.14285714,94.57142857,66.57142857,82.85714286,37.9,37.9,6.671428571,6.8,0.663122658,0.748510748,23,34,32,30.2,0
2017,7,17,2017-02-13 00:00:00,2017-02-13,26,17.75714286,21.52857143,90.28571429,62.14285714,79,12.2,12.2,8.771428571,8.242857143,0.748510748,0.663122658,25,23,39,24.8,0
2017,8,21,2017-02-20 00:00:00,2017-02-20,25.3,18.34285714,21.38571429,91.85714286,66.71428571,80.57142857,30.4,30.4,6.828571429,6.957142857,0.822983866,0.568064747,17,25,34,21.5,0
2017,9,26,2017-02-27 00:00:00,2017-02-27,25.21428571,18.3,21.34285714,93,64,81.42857143,30.1,30.1,6.642857143,6.914285714,0.885456026,0.464723172,21,17,23,22.2,0
2017,10,10,2017-03-06 00:00:00,2017-03-06,24.97142857,18.44285714,21.1,98.71428571,68.14285714,86.85714286,114.6,114.6,5.942857143,6.528571429,0.935016243,0.354604887,26,21,25,18.5,0
2017,11,20,2017-03-13 00:00:00,2017-03-13,24.8,18.37142857,21.1,95.14285714,67.28571429,83.42857143,33.8,33.8,7.257142857,6.428571429,0.970941817,0.239315664,10,26,17,19.2,0
2017,12,12,2017-03-20 00:00:00,2017-03-20,25.12857143,18.34285714,21.4,95.85714286,67.42857143,84.85714286,49.6,49.6,6.257142857,6.785714286,0.992708874,0.12053668,20,10,21,17,0
2017,13,15,2017-03-27 00:00:00,2017-03-27,25.25714286,18.58571429,21.44285714,94.42857143,66.71428571,83.42857143,63.2,63.2,6.1,6.671428571,1,-1.60812E-16,12,20,26,14.2,0
2017,14,9,2017-04-03 00:00:00,2017-04-03,25.88571429,18.92857143,22,96.28571429,68.14285714,84.28571429,78.6,78.6,7.142857143,6.957142857,0.992708874,-0.12053668,15,12,10,14,0
2017,15,15,2017-04-10 00:00:00,2017-04-10,26.18571429,18.58571429,22.11428571,95.85714286,65,81.42857143,94.2,94.2,6.728571429,7.6,0.970941817,-0.239315664,9,15,20,12.8,0
2017,16,14,2017-04-17 00:00:00,2017-04-17,25.51428571,18.9,21.72857143,95.85714286,68.28571429,85.42857143,88.7,88.7,6.171428571,6.614285714,0.935016243,-0.354604887,15,9,12,13.2,0
2017,17,14,2017-04-24 00:00:00,2017-04-24,25.11428571,18.91428571,21.74285714,95.85714286,68.71428571,84.85714286,100.6,100.6,6.457142857,6.2,0.885456026,-0.464723172,14,15,15,13,0
2017,18,12,2017-05-01 00:00:00,2017-05-01,24.4,18.77142857,21.25714286,97.42857143,72.14285714,86.14285714,104.7,104.7,6.228571429,5.628571429,0.822983866,-0.568064747,14,14,9,13.8,0
2017,19,11,2017-05-08 00:00:00,2017-05-08,24.38571429,18.81428571,21.1,97.28571429,72.14285714,87.57142857,69.6,69.6,6.457142857,5.571428571,0.748510748,-0.663122658,12,14,15,12.8,0
2017,20,13,2017-05-15 00:00:00,2017-05-15,25.41428571,19.01428571,21.64285714,96.85714286,68.42857143,85,109,109,7.342857143,6.4,0.663122658,-0.748510748,11,12,14,12.5,0
2017,21,17,2017-05-22 00:00:00,2017-05-22,26.51428571,18.85714286,22.31428571,95.85714286,63.71428571,81.85714286,62.9,62.9,7.342857143,7.657142857,0.568064747,-0.822983866,13,11,14,13.2,0
2017,22,13,2017-05-29 00:00:00,2017-05-29,25.84285714,19.05714286,22.01428571,95.42857143,65.85714286,82.71428571,76.4,76.4,6.028571429,6.785714286,0.464723172,-0.885456026,17,13,12,13.5,0
2017,23,19,2017-06-05 00:00:00,2017-06-05,25.11428571,18.72857143,21.54285714,97.42857143,71,86.28571429,84.1,84.1,6.442857143,6.385714286,0.354604887,-0.935016243,13,17,11,15.5,0
2017,24,12,2017-06-12 00:00:00,2017-06-12,24.6,18.35714286,21.05714286,97.28571429,68.85714286,85.14285714,53.2,53.2,6.7,6.242857143,0.239315664,-0.970941817,19,13,13,15.2,0
2017,25,11,2017-06-19 00:00:00,2017-06-19,24.87142857,18.11428571,21.21428571,97.57142857,68,85.14285714,67.5,67.5,6.585714286,6.757142857,0.12053668,-0.992708874,12,19,17,13.8,0
2017,26,9,2017-06-26 00:00:00,2017-06-26,25.31428571,18.25714286,21.52857143,94.85714286,67.42857143,83.14285714,67.2,67.2,6.457142857,7.057142857,-3.21625E-16,-1,11,12,13,12.8,0
2017,27,18,2017-07-03 00:00:00,2017-07-03,25.81428571,18.22857143,21.95714286,94.57142857,62.57142857,80.71428571,51.7,51.7,6.885714286,7.585714286,-0.12053668,-0.992708874,9,11,19,12.5,0
2017,28,12,2017-07-10 00:00:00,2017-07-10,25.37142857,18.44285714,21.5,96,64.14285714,82.57142857,58.2,58.2,7.228571429,6.928571429,-0.239315664,-0.970941817,18,9,12,12.5,0
2017,29,10,2017-07-17 00:00:00,2017-07-17,25.91428571,18.45714286,21.74285714,97.28571429,62.71428571,82.42857143,84.8,84.8,7.1,7.457142857,-0.354604887,-0.935016243,12,18,11,12.2,0
2017,30,8,2017-07-24 00:00:00,2017-07-24,26.07142857,18.32857143,21.94285714,96.28571429,62.14285714,81.57142857,66.7,66.7,8.557142857,7.742857143,-0.464723172,-0.885456026,10,12,9,12,0
2017,31,14,2017-07-31 00:00:00,2017-07-31,25.88571429,18.17142857,21.81428571,95.14285714,63.28571429,80.14285714,53.5,53.5,7.257142857,7.714285714,-0.568064747,-0.822983866,8,10,18,11,0
2017,32,8,2017-08-07 00:00:00,2017-08-07,25.91428571,18.31428571,21.6,97.85714286,63,83.57142857,89.7,89.7,7.257142857,7.6,-0.663122658,-0.748510748,14,8,12,10,0
2017,33,6,2017-08-14 00:00:00,2017-08-14,25.51428571,18.52857143,21.57142857,95.57142857,66.42857143,83.71428571,52.2,52.2,7.7,6.985714286,-0.748510748,-0.663122658,8,14,10,9,0
2017,34,8,2017-08-21 00:00:00,2017-08-21,26.07142857,18.05714286,21.57142857,95.14285714,60.85714286,81.14285714,42.5,42.5,7.928571429,8.014285714,-0.822983866,-0.568064747,6,8,8,9,0
2017,35,7,2017-08-28 00:00:00,2017-08-28,26.42857143,17.88571429,21.84285714,95.14285714,60.14285714,80.14285714,40.5,40.5,9.228571429,8.542857143,-0.885456026,-0.464723172,8,6,14,7.2,0
2017,36,3,2017-09-04 00:00:00,2017-09-04,25.45714286,18.51428571,21.64285714,95.14285714,64.71428571,82.57142857,48.3,48.3,7.857142857,6.942857143,-0.935016243,-0.354604887,7,8,8,6,0
2017,37,4,2017-09-11 00:00:00,2017-09-11,26.3,18.62857143,21.92857143,96.85714286,62.85714286,83.42857143,66.2,66.2,8.442857143,7.671428571,-0.970941817,-0.239315664,3,7,6,5.5,0
2017,38,7,2017-09-18 00:00:00,2017-09-18,26.74285714,18.94285714,22.3,96.71428571,62.14285714,82.28571429,80.9,80.9,8.014285714,7.8,-0.992708874,-0.12053668,4,3,8,5.2,0
2017,39,3,2017-09-25 00:00:00,2017-09-25,25.98571429,18.51428571,21.61428571,97,62.28571429,82.14285714,49.7,49.7,7.557142857,7.471428571,-1,-1.83697E-16,7,4,7,4.2,0
2017,40,3,2017-10-02 00:00:00,2017-10-02,24.41428571,17.95714286,20.81428571,97.85714286,70.14285714,86.57142857,56.7,56.7,7.4,6.457142857,-0.992708874,0.12053668,3,7,3,4.2,0
2017,41,3,2017-10-09 00:00:00,2017-10-09,25.81428571,18.05714286,21.54285714,96.85714286,67.71428571,85,67.5,67.5,7.028571429,7.757142857,-0.970941817,0.239315664,3,3,4,4,0
2017,42,4,2017-10-16 00:00:00,2017-10-16,26.25714286,19.12857143,22.31428571,95.57142857,66,82.71428571,43.5,43.5,7.028571429,7.128571429,-0.935016243,0.354604887,3,3,7,3.2,0
2017,43,6,2017-10-23 00:00:00,2017-10-23,24.82857143,18.35714286,20.98571429,96.57142857,69.42857143,85.85714286,57.7,57.7,7.657142857,6.471428571,-0.885456026,0.464723172,4,3,3,4,0
2017,44,5,2017-10-30 00:00:00,2017-10-30,25.1,18.55714286,21.2,96.85714286,66.85714286,85.28571429,57.9,57.9,7.228571429,6.542857143,-0.822983866,0.568064747,6,4,3,4.5,0
2017,45,4,2017-11-06 00:00:00,2017-11-06,25.4,18.72857143,21.62857143,95.71428571,67.71428571,84,33.4,33.4,9.471428571,6.671428571,-0.748510748,0.663122658,5,6,3,4.8,0
2017,46,6,2017-11-13 00:00:00,2017-11-13,24.1,18.41428571,20.8,97.28571429,73.14285714,88.14285714,141.8,141.8,6.914285714,5.685714286,-0.663122658,0.748510748,4,5,4,5.2,0
2017,47,6,2017-11-20 00:00:00,2017-11-20,25.17142857,18.12857143,21.22857143,96.71428571,66.57142857,84,15.8,15.8,6.271428571,7.042857143,-0.568064747,0.822983866,6,4,6,5.2,0
2017,48,16,2017-11-27 00:00:00,2017-11-27,25.74285714,18.68571429,21.54285714,98.28571429,65.42857143,86.42857143,93.6,93.6,7.214285714,7.057142857,-0.464723172,0.885456026,6,6,5,8,0
2017,49,3,2017-12-04 00:00:00,2017-12-04,25.51428571,18.71428571,21.61428571,97.71428571,66.57142857,84.71428571,64.6,64.6,7.514285714,6.8,-0.354604887,0.935016243,16,6,4,7.8,0
2017,50,9,2017-12-11 00:00:00,2017-12-11,25.08571429,18.77142857,21.44285714,95.42857143,69.42857143,84.57142857,68.7,68.7,6.728571429,6.314285714,-0.239315664,0.970941817,3,16,6,8.5,0
2017,51,2,2017-12-18 00:00:00,2017-12-18,25.64285714,18.81428571,21.57142857,97.42857143,64.85714286,85,17.9,17.9,6.728571429,6.828571429,-0.12053668,0.992708874,9,3,6,7.5,0
2017,52,2,2017-12-25 00:00:00,2017-12-25,23.82857143,18.1,20.54285714,97.71428571,71.57142857,87.57142857,64.8,64.8,6.028571429,5.728571429,6.43249E-16,1,2,9,16,4,0
2018,1,9,2018-01-01 00:00:00,2018-01-01,24.6,18.34285714,20.9,95.85714286,68.42857143,85.71428571,60.1,60.1,7.4,6.257142857,0.12053668,0.992708874,2,2,3,5.5,0
2018,2,9,2018-01-08 00:00:00,2018-01-08,24.12857143,17.65714286,20.54285714,97.85714286,69.57142857,86.42857143,78.6,78.6,7.728571429,6.471428571,0.239315664,0.970941817,9,2,9,5.5,0
2018,3,9,2018-01-15 00:00:00,2018-01-15,24.37142857,17.85714286,20.52857143,97.57142857,68,86.28571429,78.7,78.7,6.885714286,6.514285714,0.354604887,0.935016243,9,9,2,7.2,0
2018,4,2,2018-01-22 00:00:00,2018-01-22,25.21428571,18.05714286,21.17142857,95.85714286,67.57142857,84,25.8,25.8,6.4,7.157142857,0.464723172,0.885456026,9,9,2,7.2,0
2018,5,3,2018-01-29 00:00:00,2018-01-29,25.81428571,18.48571429,21.7,97.42857143,67.28571429,85.57142857,43.2,43.2,6.357142857,7.328571429,0.568064747,0.822983866,2,9,9,5.8,0
2018,6,4,2018-02-05 00:00:00,2018-02-05,25.3,19.08571429,21.64285714,97.42857143,68.85714286,85.85714286,31.3,31.3,6.671428571,6.214285714,0.663122658,0.748510748,3,2,9,4.5,0
2018,7,5,2018-02-12 00:00:00,2018-02-12,25.62857143,18.5,21.47142857,96.71428571,67.14285714,85.14285714,35.3,35.3,6.342857143,7.128571429,0.748510748,0.663122658,4,3,9,3.5,0
2018,8,1,2018-02-19 00:00:00,2018-02-19,24.91428571,18.14285714,20.94285714,94.42857143,64,82.42857143,20.8,20.8,8.557142857,6.771428571,0.822983866,0.568064747,5,4,2,3.2,0
2018,9,4,2018-02-26 00:00:00,2018-02-26,25.34285714,18.05714286,21.24285714,93.42857143,65.85714286,81.28571429,40.5,40.5,8.8,7.285714286,0.885456026,0.464723172,1,5,3,3.5,0
2018,10,7,2018-03-05 00:00:00,2018-03-05,26.05714286,18.44285714,22,94,64.57142857,81.42857143,44.5,44.5,7.371428571,7.614285714,0.935016243,0.354604887,4,1,4,4.2,0
2018,11,12,2018-03-12 00:00:00,2018-03-12,26.62857143,18.98571429,22.1,94.57142857,63.42857143,82.28571429,21.7,21.7,7.628571429,7.642857143,0.970941817,0.239315664,7,4,5,6,0
2018,12,5,2018-03-19 00:00:00,2018-03-19,25.14285714,18.7,21.48571429,96.85714286,70.71428571,85.57142857,90.4,90.4,6.842857143,6.442857143,0.992708874,0.12053668,12,7,1,7,0
2018,13,7,2018-03-26 00:00:00,2018-03-26,24.94285714,18.41428571,21.32857143,97,72.85714286,86.85714286,108.5,108.5,6.742857143,6.528571429,1,-1.60812E-16,5,12,4,7.8,0
2018,14,3,2018-04-02 00:00:00,2018-04-02,24.78571429,18.51428571,21.12857143,95.71428571,66,84.71428571,74.3,74.3,7.285714286,6.271428571,0.992708874,-0.12053668,7,5,7,6.8,0
2018,15,10,2018-04-09 00:00:00,2018-04-09,24.54285714,18.71428571,21.01428571,97.28571429,69.14285714,86.14285714,52.1,52.1,7.371428571,5.828571429,0.970941817,-0.239315664,3,7,12,6.2,0
2018,16,6,2018-04-16 00:00:00,2018-04-16,25.18571429,18.38571429,21.55714286,96.14285714,68,83.42857143,69.4,69.4,6.6,6.8,0.935016243,-0.354604887,10,3,5,6.5,0
2018,17,13,2018-04-23 00:00:00,2018-04-23,23.75714286,18.4,20.88571429,97.85714286,73.42857143,88.28571429,87.1,87.1,6.585714286,5.357142857,0.885456026,-0.464723172,6,10,7,8,0
2018,18,5,2018-04-30 00:00:00,2018-04-30,25.21428571,18.38571429,21.64285714,94.85714286,69.14285714,83.42857143,39.5,39.5,7,6.828571429,0.822983866,-0.568064747,13,6,3,8.5,0
2018,19,9,2018-05-07 00:00:00,2018-05-07,24.01428571,18.18571429,20.8,97.71428571,72.57142857,87.28571429,73.6,73.6,7.171428571,5.828571429,0.748510748,-0.663122658,5,13,10,8.2,0
2018,20,7,2018-05-14 00:00:00,2018-05-14,25.27142857,18.11428571,21.2,96.57142857,67.28571429,85,74.8,74.8,7,7.157142857,0.663122658,-0.748510748,9,5,6,8.5,0
2018,21,11,2018-05-21 00:00:00,2018-05-21,24.45714286,18.1,20.95714286,97.71428571,70.14285714,86.85714286,108.8,108.8,6.028571429,6.357142857,0.568064747,-0.822983866,7,9,13,8,0
2018,22,4,2018-05-28 00:00:00,2018-05-28,25,18.65714286,21.45714286,95.42857143,70.42857143,84.71428571,81.6,81.6,6.6,6.342857143,0.464723172,-0.885456026,11,7,5,7.8,0
2018,23,7,2018-06-04 00:00:00,2018-06-04,25.18571429,18.31428571,21.41428571,98.42857143,69.71428571,87.71428571,112.8,112.8,6,6.871428571,0.354604887,-0.935016243,4,11,9,7.2,0
2018,24,16,2018-06-11 00:00:00,2018-06-11,25.32857143,18.12857143,21.52857143,96.57142857,67.28571429,85,105.5,105.5,6.685714286,7.2,0.239315664,-0.970941817,7,4,7,9.5,0
2018,25,10,2018-06-18 00:00:00,2018-06-18,25.15714286,17.62857143,21.04285714,97.28571429,64.42857143,84.28571429,73.9,73.9,7.414285714,7.528571429,0.12053668,-0.992708874,16,7,11,9.2,0
2018,26,5,2018-06-25 00:00:00,2018-06-25,23.97142857,17.3,20.38571429,98.85714286,70.42857143,88.28571429,151.6,151.6,5.842857143,6.671428571,-3.21625E-16,-1,10,16,4,9.5,0
2018,27,8,2018-07-02 00:00:00,2018-07-02,25.04285714,17.81428571,21.17142857,96.85714286,67.71428571,84.14285714,61.9,61.9,6.457142857,7.228571429,-0.12053668,-0.992708874,5,10,7,9.8,0
2018,28,2,2018-07-09 00:00:00,2018-07-09,26.62857143,17.97142857,21.88571429,95.42857143,59.85714286,81.28571429,41.9,41.9,7.285714286,8.657142857,-0.239315664,-0.970941817,8,5,16,6.2,0
2018,29,4,2018-07-16 00:00:00,2018-07-16,25.9,18.31428571,21.58571429,98.14285714,62.85714286,84,149.7,149.7,6.528571429,7.585714286,-0.354604887,-0.935016243,2,8,10,4.8,0
2018,30,8,2018-07-23 00:00:00,2018-07-23,24.64285714,17.97142857,20.87142857,98.71428571,68.85714286,87.57142857,142.7,142.7,6.614285714,6.671428571,-0.464723172,-0.885456026,4,2,5,5.5,0
2018,31,8,2018-07-30 00:00:00,2018-07-30,25.04285714,17.78571429,20.9,97.14285714,66.85714286,85.28571429,107.2,107.2,7.557142857,7.257142857,-0.568064747,-0.822983866,8,4,8,5.5,0
2018,32,6,2018-08-06 00:00:00,2018-08-06,27.85714286,18.08571429,22.6,91.57142857,51.42857143,73.85714286,6.5,6.5,9.614285714,9.771428571,-0.663122658,-0.748510748,8,8,2,6.5,0
2018,33,1,2018-08-13 00:00:00,2018-08-13,25.57142857,17.77142857,21.52857143,93.57142857,62.71428571,81.57142857,37.7,37.7,7.171428571,7.8,-0.748510748,-0.663122658,6,8,4,5.8,0
2018,34,7,2018-08-20 00:00:00,2018-08-20,26.54285714,18.01428571,21.92857143,96.85714286,61,81.28571429,65.5,65.5,7.228571429,8.528571429,-0.822983866,-0.568064747,1,6,8,5.5,0
2018,35,7,2018-08-27 00:00:00,2018-08-27,25.98571429,17.94285714,21.54285714,98.28571429,64.28571429,84,72.1,72.1,6.957142857,8.042857143,-0.885456026,-0.464723172,7,1,8,5.2,0
2018,36,8,2018-09-03 00:00:00,2018-09-03,25.42857143,17.98571429,21.51428571,95.57142857,63,82.28571429,70.8,70.8,7.614285714,7.442857143,-0.935016243,-0.354604887,7,7,6,5.8,0
2018,37,4,2018-09-10 00:00:00,2018-09-10,24.15714286,18,20.71428571,98.42857143,73.14285714,88,77.5,77.5,7.542857143,6.157142857,-0.970941817,-0.239315664,8,7,1,6.5,0
2018,38,5,2018-09-17 00:00:00,2018-09-17,27.24285714,18.21428571,22.02857143,96.28571429,59.42857143,82.28571429,52.4,52.4,8.871428571,9.028571429,-0.992708874,-0.12053668,4,8,7,6,0
2018,39,6,2018-09-24 00:00:00,2018-09-24,26.52857143,18.37142857,22.01428571,96,63,82.57142857,78.6,78.6,8.6,8.157142857,-1,-1.83697E-16,5,4,7,5.8,0
2018,40,4,2018-10-01 00:00:00,2018-10-01,26.67142857,18.48571429,21.78571429,97.85714286,59.85714286,82.71428571,108.2,108.2,8.157142857,8.185714286,-0.992708874,0.12053668,6,5,8,4.8,0
2018,41,2,2018-10-08 00:00:00,2018-10-08,25.2,18.38571429,21.15714286,95.71428571,62.57142857,83.42857143,46.2,46.2,7.642857143,6.814285714,-0.970941817,0.239315664,4,6,4,4.2,0
2018,42,1,2018-10-15 00:00:00,2018-10-15,25.47142857,18.17142857,21.41428571,96.71428571,66.42857143,83.85714286,40.1,40.1,8.942857143,7.3,-0.935016243,0.354604887,2,4,5,3.2,0
2018,43,4,2018-10-22 00:00:00,2018-10-22,25.54285714,18.55714286,21.45714286,98.57142857,69.85714286,87,117.3,117.3,8.142857143,6.985714286,-0.885456026,0.464723172,1,2,6,2.8,0
2018,44,3,2018-10-29 00:00:00,2018-10-29,24.11428571,18.4,20.85714286,98.14285714,73.42857143,88.14285714,69,69,6.728571429,5.714285714,-0.822983866,0.568064747,4,1,4,2.5,0
2018,45,3,2018-11-05 00:00:00,2018-11-05,25.04285714,18.55714286,21.37142857,97.28571429,71.14285714,87,101,101,6.114285714,6.485714286,-0.748510748,0.663122658,3,4,2,2.8,0
2018,46,2,2018-11-12 00:00:00,2018-11-12,25,18.52857143,21.34285714,97.71428571,73,87.57142857,75.6,75.6,6,6.471428571,-0.663122658,0.748510748,3,3,1,3,0
2018,47,2,2018-11-19 00:00:00,2018-11-19,25.8,18.77142857,21.72857143,97.85714286,69.14285714,86.85714286,76,76,6.685714286,7.028571429,-0.568064747,0.822983866,2,3,4,2.5,0
2018,48,2,2018-11-26 00:00:00,2018-11-26,24.92857143,18.58571429,21.12857143,96.57142857,69,86.57142857,56,56,7.171428571,6.342857143,-0.464723172,0.885456026,2,2,3,2.2,0
2018,49,1,2018-12-03 00:00:00,2018-12-03,25.4,18.12857143,21.15714286,97.42857143,65.28571429,84.85714286,76.1,76.1,6.214285714,7.271428571,-0.354604887,0.935016243,2,2,3,1.8,0
2018,50,7,2018-12-10 00:00:00,2018-12-10,25.42857143,18.62857143,21.54285714,95.57142857,66.14285714,84.28571429,90.8,90.8,7.142857143,6.8,-0.239315664,0.970941817,1,2,2,3,0
2018,51,2,2018-12-17 00:00:00,2018-12-17,25.38571429,18.41428571,21.51428571,96.85714286,66.57142857,83.85714286,47.3,47.3,6.757142857,6.971428571,-0.12053668,0.992708874,7,1,2,3,0
2018,52,10,2018-12-24 00:00:00,2018-12-24,26.15714286,18.64285714,21.94285714,96,64.28571429,82,44.1,44.1,5.685714286,7.514285714,6.43249E-16,1,2,7,2,5,0
2019,1,12,2018-12-31 00:00:00,2018-12-31,27.35714286,18.81428571,22.84285714,91.57142857,58.14285714,77.71428571,18.8,18.8,8.671428571,8.542857143,0.12053668,0.992708874,10,2,1,7.8,0
2019,2,8,2019-01-07 00:00:00,2019-01-07,23.95714286,18.08571429,20.65714286,94.85714286,70.14285714,85.71428571,51.2,51.2,7.014285714,5.871428571,0.239315664,0.970941817,12,10,7,8,0
2019,3,9,2019-01-14 00:00:00,2019-01-14,25.51428571,18.51428571,21.52857143,96.14285714,68.14285714,84.71428571,38.6,38.6,6.228571429,7,0.354604887,0.935016243,8,12,2,9.8,0
2019,4,5,2019-01-21 00:00:00,2019-01-21,27.18571429,18.98571429,22.61428571,94,62.57142857,81.57142857,32.1,32.1,6.642857143,8.2,0.464723172,0.885456026,9,8,10,8.5,0
2019,5,10,2019-01-28 00:00:00,2019-01-28,25.42857143,18.58571429,21.54285714,97.71428571,69.42857143,86.42857143,49.3,49.3,6.071428571,6.842857143,0.568064747,0.822983866,5,9,12,8,0
2019,6,5,2019-02-04 00:00:00,2019-02-04,25.64285714,18.8,21.81428571,98,69.42857143,87.42857143,80.5,80.5,5.285714286,6.842857143,0.663122658,0.748510748,10,5,8,7.2,0
2019,7,9,2019-02-11 00:00:00,2019-02-11,26.67142857,18.77142857,22.21428571,97.71428571,64.85714286,84,63.7,63.7,5.428571429,7.9,0.748510748,0.663122658,5,10,9,7.2,0
2019,8,7,2019-02-18 00:00:00,2019-02-18,25.11428571,18.42857143,21.44285714,98.85714286,72.42857143,88.85714286,116.5,116.5,5.7,6.685714286,0.822983866,0.568064747,9,5,5,7.8,0
2019,9,6,2019-02-25 00:00:00,2019-02-25,25.58571429,18.87142857,21.67142857,96.71428571,68.57142857,85.71428571,42.6,42.6,7.271428571,6.714285714,0.885456026,0.464723172,7,9,10,6.8,0
2019,10,13,2019-03-04 00:00:00,2019-03-04,26.3,18.6,22,98.28571429,66.57142857,85.57142857,65.2,65.2,6.314285714,7.7,0.935016243,0.354604887,6,7,5,8.8,0
2019,11,18,2019-03-11 00:00:00,2019-03-11,26.54285714,18.95714286,22.2,97.42857143,67.28571429,85.42857143,57.3,57.3,6.871428571,7.585714286,0.970941817,0.239315664,13,6,9,11,0
2019,12,7,2019-03-18 00:00:00,2019-03-18,25.14285714,19.14285714,21.67142857,96.71428571,72.85714286,87.57142857,59.9,59.9,6.414285714,6,0.992708874,0.12053668,18,13,7,11,0
2019,13,15,2019-03-25 00:00:00,2019-03-25,26.5,19,22.2,97.85714286,67.14285714,85.85714286,49.4,49.4,6.5,7.5,1,-1.60812E-16,7,18,6,13.2,0
2019,14,6,2019-04-01 00:00:00,2019-04-01,24.85714286,18.94285714,21.34285714,97.85714286,72.85714286,88.85714286,95.7,95.7,6.1,5.914285714,0.992708874,-0.12053668,15,7,13,11.5,0
2019,15,9,2019-04-08 00:00:00,2019-04-08,25.98571429,18.87142857,21.95714286,97.71428571,68.42857143,86,59.6,59.6,7.414285714,7.114285714,0.970941817,-0.239315664,6,15,18,9.2,0
2019,16,11,2019-04-15 00:00:00,2019-04-15,24.85714286,19.18571429,21.5,97.85714286,74.57142857,88.42857143,93.5,93.5,6.057142857,5.671428571,0.935016243,-0.354604887,9,6,7,10.2,0
2019,17,10,2019-04-22 00:00:00,2019-04-22,25.98571429,19.02857143,22.12857143,96.85714286,67.28571429,85.28571429,113.6,113.6,6.114285714,6.957142857,0.885456026,-0.464723172,11,9,15,9,0
2019,18,12,2019-04-29 00:00:00,2019-04-29,26.44285714,18.74285714,22.37142857,96.71428571,66.14285714,82.57142857,103.1,103.1,6.171428571,7.7,0.822983866,-0.568064747,10,11,6,10.5,0
2019,19,18,2019-05-06 00:00:00,2019-05-06,24.98571429,18.81428571,21.5,97.42857143,71.14285714,87.28571429,73.9,73.9,5.928571429,6.171428571,0.748510748,-0.663122658,12,10,9,12.8,0
2019,20,19,2019-05-13 00:00:00,2019-05-13,24.05714286,18.54285714,21.14285714,98,72.57142857,88.42857143,140.9,140.9,6.057142857,5.514285714,0.663122658,-0.748510748,18,12,11,14.8,0
2019,21,11,2019-05-20 00:00:00,2019-05-20,25.1,18.51428571,21.34285714,96.71428571,69.85714286,86.14285714,70.6,70.6,6.242857143,6.585714286,0.568064747,-0.822983866,19,18,10,15,0
2019,22,23,2019-05-27 00:00:00,2019-05-27,24.58571429,17.95714286,20.88571429,97.71428571,72.57142857,88.14285714,69.1,69.1,6.271428571,6.628571429,0.464723172,-0.885456026,11,19,12,17.8,0
2019,23,20,2019-06-03 00:00:00,2019-06-03,25.91428571,18.01428571,21.48571429,97.42857143,66,84.85714286,107.6,107.6,6.5,7.9,0.354604887,-0.935016243,23,11,18,18.2,0
2019,24,26,2019-06-10 00:00:00,2019-06-10,25.21428571,18.65714286,21.35714286,98.42857143,67.71428571,87.71428571,116.4,116.4,5.428571429,6.557142857,0.239315664,-0.970941817,20,23,19,20,0
2019,25,15,2019-06-17 00:00:00,2019-06-17,26.68571429,19.07142857,22.78571429,93.71428571,57.42857143,76,3,3,6.342857143,7.614285714,0.12053668,-0.992708874,26,20,11,21,0
2019,26,24,2019-06-24 00:00:00,2019-06-24,25.97142857,18.8,22.07142857,97.71428571,67,84.42857143,95.2,95.2,7.142857143,7.171428571,-3.21625E-16,-1,15,26,23,21.2,0
2019,27,20,2019-07-01 00:00:00,2019-07-01,26.52857143,18.71428571,22.12857143,95.42857143,62.14285714,82.14285714,66.5,66.5,9.4,7.814285714,-0.12053668,-0.992708874,24,15,20,21.2,0
2019,28,26,2019-07-08 00:00:00,2019-07-08,25.41428571,18.24285714,21.41428571,97.85714286,63.85714286,83.71428571,98.7,98.7,7.228571429,7.171428571,-0.239315664,-0.970941817,20,24,26,21.2,0
2019,29,34,2019-07-15 00:00:00,2019-07-15,26.6,18.11428571,22.22857143,94.14285714,58.28571429,77.85714286,25,25,8.2,8.485714286,-0.354604887,-0.935016243,26,20,15,26,0
2019,30,23,2019-07-22 00:00:00,2019-07-22,25.01428571,18.3,21.28571429,98.42857143,64.85714286,84.42857143,152.7,152.7,6.3,6.714285714,-0.464723172,-0.885456026,34,26,24,25.8,0
2019,31,37,2019-07-29 00:00:00,2019-07-29,26.07142857,18.68571429,22.12857143,95.14285714,63.28571429,79.71428571,43.5,43.5,7.171428571,7.385714286,-0.568064747,-0.822983866,23,34,20,30,0
2019,32,38,2019-08-05 00:00:00,2019-08-05,27.48571429,18.7,22.67142857,95,54.14285714,78.14285714,21.3,21.3,9.271428571,8.785714286,-0.663122658,-0.748510748,37,23,26,33,0
2019,33,38,2019-08-12 00:00:00,2019-08-12,26.85714286,18.62857143,22.27142857,93.71428571,52.14285714,76.28571429,27.4,27.4,7.785714286,8.228571429,-0.748510748,-0.663122658,38,37,34,34,0
2019,34,49,2019-08-19 00:00:00,2019-08-19,28.07142857,18.71428571,22.95714286,92,51.57142857,75,15.9,15.9,12.88571429,9.357142857,-0.822983866,-0.568064747,38,38,23,40.5,0
2019,35,57,2019-08-26 00:00:00,2019-08-26,28.02857143,18.8,23.12857143,91.14285714,53.71428571,75.28571429,34.4,34.4,13.11428571,9.228571429,-0.885456026,-0.464723172,49,38,37,45.5,0
2019,36,49,2019-09-02 00:00:00,2019-09-02,27.65714286,18.58571429,22.74285714,94,57.42857143,77.85714286,27.5,27.5,10.15714286,9.071428571,-0.935016243,-0.354604887,57,49,38,48.2,0
2019,37,62,2019-09-09 00:00:00,2019-09-09,27.62857143,19,22.87142857,94.85714286,58.14285714,79.57142857,78.9,78.9,10.8,8.628571429,-0.970941817,-0.239315664,49,57,38,54.2,0
2019,38,79,2019-09-16 00:00:00,2019-09-16,25.57142857,18.7,21.32857143,98.71428571,65,86.57142857,103.8,103.8,8.642857143,6.871428571,-0.992708874,-0.12053668,62,49,49,61.8,0
2019,39,48,2019-09-23 00:00:00,2019-09-23,25.84285714,18.38571429,21.7,97.42857143,63.42857143,83.42857143,55.6,55.6,7.585714286,7.457142857,-1,-1.83697E-16,79,62,57,59.5,0
2019,40,65,2019-09-30 00:00:00,2019-09-30,25.24285714,18.34285714,21.17142857,97,66,85.28571429,63.5,63.5,6.542857143,6.9,-0.992708874,0.12053668,48,79,49,63.5,0
2019,41,49,2019-10-07 00:00:00,2019-10-07,25.58571429,18.38571429,21.47142857,98.14285714,63.71428571,84.85714286,117.9,117.9,6.271428571,7.2,-0.970941817,0.239315664,65,48,62,60.2,0
2019,42,37,2019-10-14 00:00:00,2019-10-14,25.12857143,18.22857143,21.08571429,98.85714286,68.42857143,87.14285714,98,98,6.414285714,6.9,-0.935016243,0.354604887,49,65,79,49.8,0
2019,43,54,2019-10-21 00:00:00,2019-10-21,24.9,18.27142857,21.07142857,97.42857143,67.57142857,86.14285714,90.9,90.9,5.671428571,6.628571429,-0.885456026,0.464723172,37,49,48,51.2,0
2019,44,55,2019-10-28 00:00:00,2019-10-28,25.48571429,18.41428571,21.5,97.57142857,66.28571429,84.28571429,83.9,83.9,6.657142857,7.071428571,-0.822983866,0.568064747,54,37,65,48.8,0
2019,45,81,2019-11-04 00:00:00,2019-11-04,25.87142857,18.7,21.8,98,70.14285714,87.14285714,100.8,100.8,7.371428571,7.171428571,-0.748510748,0.663122658,55,54,49,56.8,0
2019,46,75,2019-11-11 00:00:00,2019-11-11,24.48571429,18.58571429,20.95714286,97.85714286,72.71428571,88.28571429,131.3,131.3,6.528571429,5.9,-0.663122658,0.748510748,81,55,37,66.2,0
2019,47,83,2019-11-18 00:00:00,2019-11-18,24.91428571,18.15714286,21.15714286,97.57142857,68.85714286,86.14285714,132.8,132.8,6.885714286,6.757142857,-0.568064747,0.822983866,75,81,54,73.5,0
2019,48,99,2019-11-25 00:00:00,2019-11-25,26.01428571,18.25714286,21.88571429,97.14285714,65.71428571,83.14285714,44.2,44.2,6.342857143,7.757142857,-0.464723172,0.885456026,83,75,55,84.5,0
2019,49,105,2019-12-02 00:00:00,2019-12-02,24.91428571,18.3,21.28571429,96.71428571,68.14285714,84.57142857,20.5,20.5,6.442857143,6.614285714,-0.354604887,0.935016243,99,83,81,90.5,0
2019,50,103,2019-12-09 00:00:00,2019-12-09,24.48571429,18.47142857,21.18571429,97.28571429,70.42857143,86.14285714,52.5,52.5,6.157142857,6.014285714,-0.239315664,0.970941817,105,99,75,97.5,0
2019,51,146,2019-12-16 00:00:00,2019-12-16,25.84285714,18.87142857,21.77142857,98.42857143,63.85714286,85.85714286,94.3,94.3,6.1,6.971428571,-0.12053668,0.992708874,103,105,83,113.2,1
2019,52,170,2019-12-23 00:00:00,2019-12-23,26.31428571,18.7,22.05714286,96.85714286,68.28571429,85.57142857,93.9,93.9,5.914285714,7.614285714,6.43249E-16,1,146,103,99,131,1
2020,1,192,2019-12-30 00:00:00,2019-12-30,25.72857143,19.08571429,21.81428571,96.71428571,65.71428571,84,93.7,93.7,7.342857143,6.642857143,0.12053668,0.992708874,170,146,105,152.8,1
2020,2,219,2020-01-06 00:00:00,2020-01-06,26.91428571,18.58571429,22.44285714,90.42857143,59.57142857,76.57142857,3.7,3.7,7.385714286,8.328571429,0.239315664,0.970941817,192,170,103,181.8,1
2020,3,288,2020-01-13 00:00:00,2020-01-13,28.3,19.7,23.55714286,91.28571429,54.71428571,75.14285714,22,22,8.171428571,8.6,0.354604887,0.935016243,219,192,146,217.2,1
2020,4,317,2020-01-20 00:00:00,2020-01-20,24.81428571,19.01428571,21.5,96.57142857,70.42857143,86.14285714,57.1,57.1,7.071428571,5.8,0.464723172,0.885456026,288,219,170,254,1
2020,5,380,2020-01-27 00:00:00,2020-01-27,25.65714286,18.9,21.8,94.57142857,65.42857143,82.57142857,15.8,15.8,6.871428571,6.757142857,0.568064747,0.822983866,317,288,192,301,1
2020,6,360,2020-02-03 00:00:00,2020-02-03,26.77142857,18.97142857,22.61428571,92.28571429,63,78.42857143,8.6,8.6,7.028571429,7.8,0.663122658,0.748510748,380,317,219,336.2,1
2020,7,359,2020-02-10 00:00:00,2020-02-10,27.42857143,19.9,23.15714286,90.28571429,61.42857143,77.42857143,3.9,3.9,6.242857143,7.528571429,0.748510748,0.663122658,360,380,288,354,1
2020,8,365,2020-02-17 00:00:00,2020-02-17,26.74285714,19.5,22.87142857,93.57142857,64.42857143,80.85714286,25.6,25.6,8.785714286,7.242857143,0.822983866,0.568064747,359,360,317,366,1
2020,9,314,2020-02-24 00:00:00,2020-02-24,26.07142857,19.11428571,22.11428571,96.71428571,67,85.42857143,71.4,71.4,6.057142857,6.957142857,0.885456026,0.464723172,365,359,380,349.5,1
2020,10,381,2020-03-02 00:00:00,2020-03-02,26.9,19.35714286,22.87142857,94.42857143,63.71428571,80.71428571,34.2,34.2,6.471428571,7.542857143,0.935016243,0.354604887,314,365,360,354.8,1
2020,11,338,2020-03-09 00:00:00,2020-03-09,26.58571429,19.47142857,22.22857143,97,65,85,70.3,70.3,5.771428571,7.114285714,0.970941817,0.239315664,381,314,359,349.5,1
2020,12,231,2020-03-16 00:00:00,2020-03-16,26.34285714,18.51428571,22.02857143,96,63,81.85714286,22.8,22.8,7.528571429,7.828571429,0.992708874,0.12053668,338,381,365,316,1
2020,13,213,2020-03-23 00:00:00,2020-03-23,26.41428571,19.02857143,22.15714286,96.28571429,67.14285714,84,31.8,31.8,7.557142857,7.385714286,1,-1.60812E-16,231,338,314,290.8,1
2020,14,232,2020-03-30 00:00:00,2020-03-30,26.25714286,18.77142857,21.88571429,98,65.85714286,86,68,68,6.071428571,7.485714286,0.992708874,-0.12053668,213,231,381,253.5,1
2020,15,171,2020-04-06 00:00:00,2020-04-06,25.7,19.24285714,21.92857143,99.57142857,72.42857143,90.28571429,114.3,114.3,6.857142857,6.457142857,0.970941817,-0.239315664,232,213,338,211.8,1
2020,16,151,2020-04-13 00:00:00,2020-04-13,24.74285714,18.98571429,21.37142857,96.71428571,71.14285714,86.42857143,61.5,61.5,6.257142857,5.757142857,0.935016243,-0.354604887,171,232,231,191.8,1
2020,17,177,2020-04-20 00:00:00,2020-04-20,25.5,19.02857143,21.78571429,97,67.85714286,85.85714286,42,42,6.242857143,6.471428571,0.885456026,-0.464723172,151,171,213,182.8,1
2020,18,142,2020-04-27 00:00:00,2020-04-27,25.55714286,19,21.77142857,98.14285714,70,87.28571429,109.1,109.1,5.3,6.557142857,0.822983866,-0.568064747,177,151,232,160.2,1
2020,19,125,2020-05-04 00:00:00,2020-05-04,26.31428571,19.01428571,22.08571429,98.28571429,67.71428571,86.42857143,82.3,82.3,7.1,7.3,0.748510748,-0.663122658,142,177,171,148.8,1
2020,20,131,2020-05-11 00:00:00,2020-05-11,26.11428571,19.04285714,22.01428571,97.42857143,67.42857143,85.71428571,79.2,79.2,6.128571429,7.071428571,0.663122658,-0.748510748,125,142,151,143.8,1
2020,21,135,2020-05-18 00:00:00,2020-05-18,26,18.81428571,21.9,99.42857143,69.71428571,88.42857143,115,115,5.528571429,7.185714286,0.568064747,-0.822983866,131,125,177,133.2,1
2020,22,87,2020-05-25 00:00:00,2020-05-25,24.22857143,18.68571429,21,98.14285714,74.42857143,88.71428571,74.9,74.9,5.714285714,5.542857143,0.464723172,-0.885456026,135,131,142,119.5,0
2020,23,109,2020-06-01 00:00:00,2020-06-01,25.17142857,17.97142857,21.14285714,97.71428571,69.85714286,86.85714286,69.7,69.7,6.157142857,7.2,0.354604887,-0.935016243,87,135,125,115.5,0
2020,24,83,2020-06-08 00:00:00,2020-06-08,25.4,18.12857143,21.32857143,96.57142857,68.14285714,84.57142857,45.7,45.7,6.9,7.271428571,0.239315664,-0.970941817,109,87,131,103.5,0
2020,25,96,2020-06-15 00:00:00,2020-06-15,25.14285714,18.28571429,21.31428571,98.57142857,69.14285714,87,149.6,149.6,6.385714286,6.857142857,0.12053668,-0.992708874,83,109,135,93.8,0
2020,26,77,2020-06-22 00:00:00,2020-06-22,25.5,18.27142857,21.21428571,99.71428571,66.71428571,88.85714286,164.8,164.8,5.542857143,7.228571429,-3.21625E-16,-1,96,83,87,91.2,0
2020,27,82,2020-06-29 00:00:00,2020-06-29,24.52857143,18.15714286,20.65714286,99.28571429,70.71428571,89.28571429,91.6,91.6,5.828571429,6.371428571,-0.12053668,-0.992708874,77,96,109,84.5,0
2020,28,56,2020-07-06 00:00:00,2020-07-06,24.21428571,17.68571429,20.57142857,97.85714286,71.85714286,87.85714286,83.4,83.4,5.957142857,6.528571429,-0.239315664,-0.970941817,82,77,83,77.8,0
2020,29,60,2020-07-13 00:00:00,2020-07-13,26.02857143,17.64285714,21.74285714,96.28571429,61.71428571,80.14285714,50.8,50.8,6.957142857,8.385714286,-0.354604887,-0.935016243,56,82,96,68.8,0
2020,30,70,2020-07-20 00:00:00,2020-07-20,24.61428571,17.98571429,20.7,98.57142857,70.42857143,88.42857143,72.6,72.6,5.371428571,6.628571429,-0.464723172,-0.885456026,60,56,77,67,0
2020,31,58,2020-07-27 00:00:00,2020-07-27,26.67142857,18.18571429,22,96.14285714,61.14285714,81.28571429,68.9,68.9,6.028571429,8.485714286,-0.568064747,-0.822983866,70,60,82,61,0
2020,32,67,2020-08-03 00:00:00,2020-08-03,27.07142857,18.85714286,22.4,94.42857143,55.57142857,76.71428571,12.9,12.9,7,8.214285714,-0.663122658,-0.748510748,58,70,56,63.8,0
2020,33,60,2020-08-10 00:00:00,2020-08-10,26,18.88571429,21.6,99.57142857,67.57142857,88.57142857,175.8,175.8,6.771428571,7.114285714,-0.748510748,-0.663122658,67,58,60,63.8,0
2020,34,61,2020-08-17 00:00:00,2020-08-17,25.2,18.34285714,21.25714286,98.57142857,69.71428571,86.57142857,71,71,6.1,6.857142857,-0.822983866,-0.568064747,60,67,70,61.5,0
2020,35,64,2020-08-24 00:00:00,2020-08-24,25.17142857,18.28571429,20.95714286,99.57142857,65.28571429,87.42857143,69.8,69.8,6.5,6.885714286,-0.885456026,-0.464723172,61,60,58,63,0
2020,36,58,2020-08-31 00:00:00,2020-08-31,26.07142857,18.32857143,21.57142857,94.85714286,65,83,35.7,35.7,6.985714286,7.742857143,-0.935016243,-0.354604887,64,61,67,60.8,0
2020,37,73,2020-09-07 00:00:00,2020-09-07,25.71428571,18.4,21.52857143,97.14285714,65.57142857,83.57142857,66.1,66.1,7.457142857,7.314285714,-0.970941817,-0.239315664,58,64,60,64,0
2020,38,49,2020-09-14 00:00:00,2020-09-14,25.81428571,18.4,21.65714286,96.57142857,65.57142857,83.28571429,39.9,39.9,7.757142857,7.414285714,-0.992708874,-0.12053668,73,58,61,61,0
2020,39,61,2020-09-21 00:00:00,2020-09-21,26,18.41428571,21.77142857,98,61.57142857,83.14285714,79.2,79.2,7.785714286,7.585714286,-1,-1.83697E-16,49,73,64,60.2,0
2020,40,49,2020-09-28 00:00:00,2020-09-28,25.38571429,18.41428571,21.35714286,97.71428571,65.28571429,85,107.4,107.4,6.685714286,6.971428571,-0.992708874,0.12053668,61,49,58,58,0
2020,41,59,2020-10-05 00:00:00,2020-10-05,26.21428571,18.42857143,21.77142857,94.71428571,62.28571429,81.28571429,50.7,50.7,6.485714286,7.785714286,-0.970941817,0.239315664,49,61,73,54.5,0
2020,42,50,2020-10-12 00:00:00,2020-10-12,26.08571429,18.65714286,21.72857143,97.42857143,63.57142857,84,108.3,108.3,7.9,7.428571429,-0.935016243,0.354604887,59,49,49,54.8,0
2020,43,69,2020-10-19 00:00:00,2020-10-19,25.4,18.47142857,21.38571429,97.85714286,71.14285714,86.85714286,131.3,131.3,6.414285714,6.928571429,-0.885456026,0.464723172,50,59,61,56.8,0
2020,44,51,2020-10-26 00:00:00,2020-10-26,24.87142857,18.48571429,21.18571429,97.14285714,68.42857143,85.85714286,112.4,112.4,8.014285714,6.385714286,-0.822983866,0.568064747,69,50,49,57.2,0
2020,45,50,2020-11-02 00:00:00,2020-11-02,26.48571429,18.95714286,22.12857143,97.42857143,61.71428571,82.42857143,107,107,8.128571429,7.528571429,-0.748510748,0.663122658,51,69,59,55,0
2020,46,50,2020-11-09 00:00:00,2020-11-09,24.81428571,18.7,21.31428571,98.42857143,69,86,94.7,94.7,6.671428571,6.114285714,-0.663122658,0.748510748,50,51,50,55,0
2020,47,52,2020-11-16 00:00:00,2020-11-16,25.02857143,18.37142857,21.21428571,97.42857143,67.71428571,85.57142857,62,62,6.014285714,6.657142857,-0.568064747,0.822983866,50,50,69,50.8,0
2020,48,29,2020-11-23 00:00:00,2020-11-23,25.01428571,18.42857143,21.4,97.28571429,67.85714286,85,69,69,7.242857143,6.585714286,-0.464723172,0.885456026,52,50,51,45.2,0
2020,49,68,2020-11-30 00:00:00,2020-11-30,25.55714286,18.28571429,21.18571429,98.28571429,66.42857143,85.57142857,80.8,80.8,6.828571429,7.271428571,-0.354604887,0.935016243,29,52,50,49.8,0
2020,50,59,2020-12-07 00:00:00,2020-12-07,25.17142857,18.34285714,21.31428571,95.71428571,66,83.57142857,49.4,49.4,6.957142857,6.828571429,-0.239315664,0.970941817,68,29,50,52,0
2020,51,49,2020-12-14 00:00:00,2020-12-14,25.41428571,18.08571429,21.2,96.71428571,66.14285714,84.28571429,69.4,69.4,6.357142857,7.328571429,-0.12053668,0.992708874,59,68,52,51.2,0
2020,52,72,2020-12-21 00:00:00,2020-12-21,24.81428571,18.27142857,21.01428571,97.85714286,68.71428571,86.14285714,71.4,71.4,5.9,6.542857143,6.43249E-16,1,49,59,29,62,0
2020,53,53,2020-12-28 00:00:00,2020-12-28,24.77142857,18.14285714,20.84285714,96.57142857,67.42857143,85,42.4,42.4,6.614285714,6.628571429,0.12053668,0.992708874,72,49,68,58.2,0
2021,1,96,2021-01-04 00:00:00,2021-01-04,23.98571429,17.85714286,20.44285714,97.28571429,70,86.42857143,87.4,87.4,5.557142857,6.128571429,0.12053668,0.992708874,53,72,59,67.5,0
2021,2,86,2021-01-11 00:00:00,2021-01-11,25.3,18.42857143,21.22857143,97.14285714,66.42857143,84.14285714,51.2,51.2,5.957142857,6.871428571,0.239315664,0.970941817,96,53,49,76.8,0
2021,3,89,2021-01-18 00:00:00,2021-01-18,25.37142857,18.47142857,21.34285714,96.57142857,65.42857143,82.71428571,37.4,37.4,6.042857143,6.9,0.354604887,0.935016243,86,96,72,81,0
2021,4,140,2021-01-25 00:00:00,2021-01-25,26.11428571,18.31428571,21.8,92,63.14285714,79.85714286,23.2,23.2,6.628571429,7.8,0.464723172,0.885456026,89,86,53,102.8,1
2021,5,132,2021-02-01 00:00:00,2021-02-01,26.04285714,19.04285714,22.24285714,94.71428571,67.71428571,81.85714286,24.1,24.1,6.342857143,7,0.568064747,0.822983866,140,89,96,111.8,1
2021,6,130,2021-02-08 00:00:00,2021-02-08,25.34285714,18.47142857,21.57142857,96,69.42857143,84.57142857,42.8,42.8,6.214285714,6.871428571,0.663122658,0.748510748,132,140,86,122.8,1
2021,7,138,2021-02-15 00:00:00,2021-02-15,24.58571429,18.22857143,20.91428571,97.85714286,68.85714286,85.57142857,98.5,98.5,7.357142857,6.357142857,0.748510748,0.663122658,130,132,89,135,1
2021,8,134,2021-02-22 00:00:00,2021-02-22,26.05714286,18.92857143,21.91428571,95.71428571,66.28571429,83.42857143,30.9,30.9,7.157142857,7.128571429,0.822983866,0.568064747,138,130,140,133.5,1
2021,9,123,2021-03-01 00:00:00,2021-03-01,24.41428571,18.58571429,21.08571429,96.85714286,71.85714286,87.14285714,81.3,81.3,6.071428571,5.828571429,0.885456026,0.464723172,134,138,132,131.2,1
2021,10,105,2021-03-08 00:00:00,2021-03-08,23.67142857,18.35714286,20.65714286,96.85714286,71.57142857,87.14285714,76.2,76.2,6.471428571,5.314285714,0.935016243,0.354604887,123,134,130,125,0
2021,11,81,2021-03-15 00:00:00,2021-03-15,24.42857143,18,20.81428571,97,67.57142857,83.57142857,39,39,6.6,6.428571429,0.970941817,0.239315664,105,123,138,110.8,0
2021,12,80,2021-03-22 00:00:00,2021-03-22,24.77142857,18.24285714,21.25714286,96.57142857,71.71428571,86,75.3,75.3,6.342857143,6.528571429,0.992708874,0.12053668,81,105,134,97.2,0
2021,13,58,2021-03-29 00:00:00,2021-03-29,25.5,18.48571429,21.65714286,97.28571429,68.42857143,85.14285714,105.7,105.7,7.128571429,7.014285714,1,-1.60812E-16,80,81,123,81,0
2021,14,67,2021-04-05 00:00:00,2021-04-05,25.21428571,18.54285714,21.21428571,98,68,86.42857143,98.2,98.2,5.771428571,6.671428571,0.992708874,-0.12053668,58,80,105,71.5,0
2021,15,59,2021-04-12 00:00:00,2021-04-12,25.98571429,18.77142857,21.7,97,65.42857143,85.71428571,95.9,95.9,6.071428571,7.214285714,0.970941817,-0.239315664,67,58,81,66,0
2021,16,42,2021-04-19 00:00:00,2021-04-19,25.98571429,18.81428571,21.78571429,97,66.28571429,84.57142857,40,40,6.628571429,7.171428571,0.935016243,-0.354604887,59,67,80,56.5,0
2021,17,40,2021-04-26 00:00:00,2021-04-26,24.17142857,18.41428571,20.85714286,97.85714286,72.57142857,87.85714286,80.1,80.1,7.557142857,5.757142857,0.885456026,-0.464723172,42,59,58,52,0
2021,18,56,2021-05-03 00:00:00,2021-05-03,25.2,18.38571429,21.35714286,97.42857143,69,86,59.2,59.2,6.457142857,6.814285714,0.822983866,-0.568064747,40,42,67,49.2,0
2021,19,54,2021-05-10 00:00:00,2021-05-10,25.85714286,18.55714286,21.62857143,99.71428571,68.28571429,88,160.5,160.5,6.057142857,7.3,0.748510748,-0.663122658,56,40,59,48,0
2021,20,67,2021-05-17 00:00:00,2021-05-17,25.97142857,18.45714286,21.55714286,97.71428571,65.57142857,86.42857143,131.9,131.9,6.128571429,7.514285714,0.663122658,-0.748510748,54,56,42,54.2,0
2021,21,45,2021-05-24 00:00:00,2021-05-24,25.51428571,18.84285714,21.54285714,98.42857143,69.28571429,87.71428571,78.9,78.9,5.842857143,6.671428571,0.568064747,-0.822983866,67,54,40,55.5,0
2021,22,80,2021-05-31 00:00:00,2021-05-31,25.25714286,18.75714286,21.6,97.71428571,72,88,117.2,117.2,5.414285714,6.5,0.464723172,-0.885456026,45,67,56,61.5,0
2021,23,67,2021-06-07 00:00:00,2021-06-07,23.92857143,17.91428571,20.54285714,98.28571429,75.28571429,89.57142857,75.3,75.3,6.7,6.014285714,0.354604887,-0.935016243,80,45,54,64.8,0
2021,24,64,2021-06-14 00:00:00,2021-06-14,24.45714286,17.7,20.77142857,98.85714286,69.28571429,86.85714286,70.7,70.7,5.714285714,6.757142857,0.239315664,-0.970941817,67,80,67,64,0
2021,25,82,2021-06-21 00:00:00,2021-06-21,24.54285714,17.8,20.61428571,98.57142857,67.57142857,86.71428571,62.4,62.4,6.042857143,6.742857143,0.12053668,-0.992708874,64,67,45,73.2,0
2021,26,76,2021-06-28 00:00:00,2021-06-28,25.07142857,17.58571429,20.98571429,95.85714286,64.28571429,82.28571429,37.3,37.3,6.514285714,7.485714286,-3.21625E-16,-1,82,64,80,72.2,0
2021,27,49,2021-07-05 00:00:00,2021-07-05,25.64285714,17.82857143,21.25714286,97.14285714,61.85714286,81.57142857,64.9,64.9,7.214285714,7.814285714,-0.12053668,-0.992708874,76,82,67,67.8,0
2021,28,43,2021-07-12 00:00:00,2021-07-12,25.42857143,18.08571429,21.27142857,97.57142857,66.14285714,85,64,64,6.071428571,7.342857143,-0.239315664,-0.970941817,49,76,64,62.5,0
2021,29,82,2021-07-19 00:00:00,2021-07-19,25.77142857,18.34285714,21.6,96.28571429,62.14285714,81.85714286,50.2,50.2,6.457142857,7.428571429,-0.354604887,-0.935016243,43,49,82,62.5,0
2021,30,57,2021-07-26 00:00:00,2021-07-26,26.42857143,18.47142857,21.88571429,96.71428571,64,82.28571429,49.2,49.2,6.714285714,7.957142857,-0.464723172,-0.885456026,82,43,76,57.8,0
2021,31,92,2021-08-02 00:00:00,2021-08-02,25.78571429,17.95714286,21.54285714,95,62.14285714,80.57142857,38.7,38.7,6.9,7.828571429,-0.568064747,-0.822983866,57,82,49,68.5,0
2021,32,73,2021-08-09 00:00:00,2021-08-09,25.5,18.27142857,21.12857143,99.14285714,65.71428571,87.42857143,137.8,137.8,7.142857143,7.228571429,-0.663122658,-0.748510748,92,57,43,76,0
2021,33,74,2021-08-16 00:00:00,2021-08-16,24.91428571,18.32857143,21.12857143,98.28571429,70,87,94.1,94.1,6.442857143,6.585714286,-0.748510748,-0.663122658,73,92,82,74,0
2021,34,58,2021-08-23 00:00:00,2021-08-23,25.2,18.48571429,21.02857143,98.42857143,68,87.85714286,67.1,67.1,6.571428571,6.714285714,-0.822983866,-0.568064747,74,73,57,74.2,0
2021,35,69,2021-08-30 00:00:00,2021-08-30,25.24285714,18.15714286,21.17142857,97.85714286,67.14285714,85.57142857,104.1,104.1,7.114285714,7.085714286,-0.885456026,-0.464723172,58,74,92,68.5,0
2021,36,73,2021-09-06 00:00:00,2021-09-06,25.28571429,18.17142857,21.05714286,98.71428571,65.42857143,86.85714286,82.8,82.8,6.985714286,7.114285714,-0.935016243,-0.354604887,69,58,73,68.5,0
2021,37,71,2021-09-13 00:00:00,2021-09-13,26.62857143,17.92857143,21.74285714,96,57,80.57142857,62,62,7.828571429,8.7,-0.970941817,-0.239315664,73,69,74,67.8,0
2021,38,68,2021-09-20 00:00:00,2021-09-20,25.95714286,18.14285714,21.5,96.14285714,62.42857143,82.42857143,101.4,101.4,7.371428571,7.814285714,-0.992708874,-0.12053668,71,73,58,70.2,0
2021,39,45,2021-09-27 00:00:00,2021-09-27,25.41428571,18.31428571,21.3,97.57142857,66.85714286,85.42857143,55.5,55.5,8.071428571,7.1,-1,-1.83697E-16,68,71,69,64.2,0
2021,40,54,2021-10-04 00:00:00,2021-10-04,25.25714286,18.67142857,21.27142857,99.57142857,72.14285714,89.57142857,115.3,115.3,6.9,6.585714286,-0.992708874,0.12053668,45,68,73,59.5,0
2021,41,77,2021-10-11 00:00:00,2021-10-11,25.31428571,18.52857143,21.24285714,98.28571429,72,88.42857143,66.2,66.2,7.557142857,6.785714286,-0.970941817,0.239315664,54,45,71,61,0
2021,42,49,2021-10-18 00:00:00,2021-10-18,25.11428571,17.61428571,20.77142857,98.71428571,71.57142857,88.42857143,97.9,97.9,7.128571429,7.5,-0.935016243,0.354604887,77,54,68,56.2,0
2021,43,51,2021-10-25 00:00:00,2021-10-25,25.61428571,18.12857143,21.17142857,97.42857143,68.85714286,87.71428571,85.1,85.1,6.9,7.485714286,-0.885456026,0.464723172,49,77,45,57.8,0
2021,44,51,2021-11-01 00:00:00,2021-11-01,25.14285714,17.92857143,20.82857143,98.28571429,69.28571429,88.14285714,116.9,116.9,7.1,7.214285714,-0.822983866,0.568064747,51,49,54,57,0
2021,45,53,2021-11-08 00:00:00,2021-11-08,24.62857143,18.17142857,20.58571429,98.57142857,74.14285714,90.42857143,111.8,111.8,6.542857143,6.457142857,-0.748510748,0.663122658,51,51,77,51,0
2021,46,59,2021-11-15 00:00:00,2021-11-15,25.14285714,17.91428571,20.8,99.14285714,70.57142857,88.42857143,48.5,48.5,5.771428571,7.228571429,-0.663122658,0.748510748,53,51,49,53.5,0
2021,47,63,2021-11-22 00:00:00,2021-11-22,24.57142857,18.12857143,20.62857143,99.28571429,74.71428571,90.71428571,104.2,104.2,5.5,6.442857143,-0.568064747,0.822983866,59,53,51,56.5,0
2021,48,59,2021-11-29 00:00:00,2021-11-29,24.78571429,17.71428571,20.8,98.71428571,72.42857143,89.14285714,72.5,72.5,6.428571429,7.071428571,-0.464723172,0.885456026,63,59,51,58.5,0
2021,49,45,2021-12-06 00:00:00,2021-12-06,24.18571429,18.21428571,20.77142857,98.85714286,76.14285714,90.28571429,98.8,98.8,5.842857143,5.971428571,-0.354604887,0.935016243,59,63,53,56.5,0
2021,50,55,2021-12-13 00:00:00,2021-12-13,24.91428571,17.71428571,20.57142857,99,71,89.28571429,83.3,83.3,5.828571429,7.2,-0.239315664,0.970941817,45,59,59,55.5,0
2021,51,58,2021-12-20 00:00:00,2021-12-20,25.3,17.95714286,21.15714286,97.85714286,70,87.42857143,32.2,32.2,6.971428571,7.342857143,-0.12053668,0.992708874,55,45,63,54.2,0
2021,52,27,2021-12-27 00:00:00,2021-12-27,25.14285714,18.22857143,21,99.28571429,72.28571429,88.85714286,69.6,69.6,5.871428571,6.914285714,6.43249E-16,1,58,55,59,46.2,0
2022,1,36,2022-01-03 00:00:00,2022-01-03,24.57142857,17.48571429,20.38571429,98.85714286,70.85714286,88.28571429,43.7,43.7,5.885714286,7.085714286,0.12053668,0.992708874,27,58,45,44,0
2022,2,43,2022-01-10 00:00:00,2022-01-10,24.85714286,17.54285714,20.54285714,97.14285714,68.14285714,86,37.2,37.2,5.942857143,7.314285714,0.239315664,0.970941817,36,27,55,41,0
2022,3,44,2022-01-17 00:00:00,2022-01-17,26.08571429,17.32857143,21.24285714,97.14285714,65.85714286,84.57142857,23,23,5.942857143,8.757142857,0.354604887,0.935016243,43,36,58,37.5,0
2022,4,40,2022-01-24 00:00:00,2022-01-24,25.44285714,17.81428571,20.87142857,98.71428571,67,87.57142857,58.2,58.2,7.528571429,7.628571429,0.464723172,0.885456026,44,43,27,40.8,0
2022,5,56,2022-01-31 00:00:00,2022-01-31,25.34285714,17.35714286,20.77142857,97.85714286,68.14285714,86.28571429,64.3,64.3,6.228571429,7.985714286,0.568064747,0.822983866,40,44,36,45.8,0
2022,6,40,2022-02-07 00:00:00,2022-02-07,24.97142857,17.42857143,20.54285714,98.85714286,72.14285714,88.57142857,69.8,69.8,6.314285714,7.542857143,0.663122658,0.748510748,56,40,43,45,0
2022,7,38,2022-02-14 00:00:00,2022-02-14,25.11428571,17.64285714,20.71428571,98.42857143,70,88.57142857,124.8,124.8,6.957142857,7.471428571,0.748510748,0.663122658,40,56,44,43.5,0
2022,8,44,2022-02-21 00:00:00,2022-02-21,25.4,17.57142857,20.81428571,97.71428571,69.28571429,87.28571429,76.5,76.5,6.257142857,7.828571429,0.822983866,0.568064747,38,40,40,44.5,0
2022,9,50,2022-02-28 00:00:00,2022-02-28,24.6,18.01428571,20.52857143,99.14285714,71.71428571,89.85714286,106.3,106.3,6.828571429,6.585714286,0.885456026,0.464723172,44,38,56,43,0
2022,10,37,2022-03-07 00:00:00,2022-03-07,26.1,17.71428571,21.22857143,95.42857143,62,82.57142857,29,29,7.728571429,8.385714286,0.935016243,0.354604887,50,44,40,42.2,0
2022,11,43,2022-03-14 00:00:00,2022-03-14,25,17.6,20.87142857,98.28571429,69.42857143,86.42857143,67.5,67.5,6.985714286,7.4,0.970941817,0.239315664,37,50,38,43.5,0
2022,12,42,2022-03-21 00:00:00,2022-03-21,25.22857143,17.78571429,20.97142857,98.57142857,72.42857143,88.57142857,93.6,93.6,6.871428571,7.442857143,0.992708874,0.12053668,43,37,44,43,0
2022,13,40,2022-03-28 00:00:00,2022-03-28,25.34285714,18.04285714,21.12857143,99.14285714,71.71428571,88.71428571,92.9,92.9,7.2,7.3,1,-1.60812E-16,42,43,50,40.5,0
2022,14,30,2022-04-04 00:00:00,2022-04-04,25.61428571,18.31428571,21.28571429,98.85714286,71.57142857,88.14285714,78,78,6.442857143,7.3,0.992708874,-0.12053668,40,42,37,38.8,0
2022,15,44,2022-04-11 00:00:00,2022-04-11,25.28571429,18.14285714,21.21428571,98.85714286,72.28571429,88.28571429,88.4,88.4,6.028571429,7.142857143,0.970941817,-0.239315664,30,40,43,39,0
2022,16,42,2022-04-18 00:00:00,2022-04-18,24.35714286,17.77142857,20.54285714,99,72,88.85714286,133.9,133.9,7.371428571,6.585714286,0.935016243,-0.354604887,44,30,42,39,0
2022,17,35,2022-04-25 00:00:00,2022-04-25,25.37142857,18,21.15714286,97.57142857,69.42857143,86,43.8,43.8,6.485714286,7.371428571,0.885456026,-0.464723172,42,44,40,37.8,0
2022,18,43,2022-05-02 00:00:00,2022-05-02,25.28571429,18.02857143,21.3,97.71428571,70.57142857,86.71428571,43,43,6.528571429,7.257142857,0.822983866,-0.568064747,35,42,30,41,0
2022,19,32,2022-05-09 00:00:00,2022-05-09,25.75714286,18.25714286,21.47142857,98.14285714,69.14285714,86.85714286,69.6,69.6,6.357142857,7.5,0.748510748,-0.663122658,43,35,44,38,0
2022,20,41,2022-05-16 00:00:00,2022-05-16,24.3,17.55714286,20.47142857,99,73.85714286,90.14285714,91.6,91.6,6.285714286,6.742857143,0.663122658,-0.748510748,32,43,42,37.8,0
2022,21,38,2022-05-23 00:00:00,2022-05-23,24.91428571,17.4,20.64285714,98.85714286,68.71428571,88.28571429,86,86,6.285714286,7.514285714,0.568064747,-0.822983866,41,32,35,38.5,0
2022,22,40,2022-05-30 00:00:00,2022-05-30,23.67142857,17.7,20.27142857,99,75.28571429,89,84.3,84.3,6,5.971428571,0.464723172,-0.885456026,38,41,43,37.8,0
2022,23,20,2022-06-06 00:00:00,2022-06-06,24.32857143,17.27142857,20.24285714,99.28571429,72.85714286,89.71428571,106.7,106.7,5.6,7.057142857,0.354604887,-0.935016243,40,38,32,34.8,0
2022,24,34,2022-06-13 00:00:00,2022-06-13,24.18571429,17.41428571,20.24285714,99.71428571,70.28571429,89.57142857,71.1,71.1,6.228571429,6.771428571,0.239315664,-0.970941817,20,40,41,33,0
2022,25,29,2022-06-20 00:00:00,2022-06-20,24,17.17142857,20,99.14285714,70.85714286,89.71428571,129.6,129.6,6.3,6.828571429,0.12053668,-0.992708874,34,20,38,30.8,0
2022,26,29,2022-06-27 00:00:00,2022-06-27,24.94285714,17.41428571,20.68571429,98.85714286,68.85714286,87,65.6,65.6,5.271428571,7.528571429,-3.21625E-16,-1,29,34,40,28,0
2022,27,25,2022-07-04 00:00:00,2022-07-04,25.5,17.35714286,20.97142857,98,66.71428571,85.14285714,117.3,117.3,7.057142857,8.142857143,-0.12053668,-0.992708874,29,29,20,29.2,0
2022,28,29,2022-07-11 00:00:00,2022-07-11,24.87142857,17.5,20.57142857,98.42857143,71,87.85714286,77.2,77.2,6.885714286,7.371428571,-0.239315664,-0.970941817,25,29,34,28,0
2022,29,31,2022-07-18 00:00:00,2022-07-18,25.15714286,17.64285714,20.84285714,97.71428571,64.85714286,84.71428571,67,67,7.057142857,7.514285714,-0.354604887,-0.935016243,29,25,29,28.5,0
2022,30,26,2022-07-25 00:00:00,2022-07-25,24.65714286,17.34285714,20.4,99.14285714,70.57142857,88.57142857,64.2,64.2,5.785714286,7.314285714,-0.464723172,-0.885456026,31,29,29,27.8,0
2022,31,36,2022-08-01 00:00:00,2022-08-01,25.3,17.72857143,20.81428571,99.85714286,69.28571429,88.57142857,83.1,83.1,5.771428571,7.571428571,-0.568064747,-0.822983866,26,31,25,30.5,0
2022,32,31,2022-08-08 00:00:00,2022-08-08,25.35714286,17.15714286,20.82857143,98,65.57142857,85,65.8,65.8,5.857142857,8.2,-0.663122658,-0.748510748,36,26,29,31,0
2022,33,41,2022-08-15 00:00:00,2022-08-15,25.67142857,17.31428571,20.97142857,96.14285714,66,83.28571429,34.6,34.6,6.357142857,8.357142857,-0.748510748,-0.663122658,31,36,31,33.5,0
2022,34,35,2022-08-22 00:00:00,2022-08-22,25.28571429,17.5,20.95714286,96.57142857,62.57142857,82.42857143,59,59,6.671428571,7.785714286,-0.822983866,-0.568064747,41,31,26,35.8,0
2022,35,40,2022-08-29 00:00:00,2022-08-29,25.9,17.54285714,21.1,98.14285714,65.71428571,85,59.3,59.3,6.628571429,8.357142857,-0.885456026,-0.464723172,35,41,36,36.8,0
2022,36,55,2022-09-05 00:00:00,2022-09-05,26.24285714,17.64285714,21.45714286,96.42857143,62.42857143,82,36.1,36.1,7.371428571,8.6,-0.935016243,-0.354604887,40,35,31,42.8,0
2022,37,34,2022-09-12 00:00:00,2022-09-12,25.05714286,17.77142857,20.84285714,97.85714286,68.28571429,86.42857143,50.7,50.7,6.7,7.285714286,-0.970941817,-0.239315664,55,40,41,41,0
2022,38,30,2022-09-19 00:00:00,2022-09-19,24.64285714,17.21428571,20.62857143,98,72.57142857,86.42857143,60.5,60.5,6.428571429,7.428571429,-0.992708874,-0.12053668,34,55,35,39.8,0
2022,39,31,2022-09-26 00:00:00,2022-09-26,25.87142857,17.71428571,21.14285714,98.71428571,65.42857143,85.71428571,62.6,62.6,6.385714286,8.157142857,-1,-1.83697E-16,30,34,40,37.5,0
2022,40,26,2022-10-03 00:00:00,2022-10-03,25.85714286,17.54285714,20.92857143,98.42857143,65.71428571,86.57142857,67.8,67.8,7.142857143,8.314285714,-0.992708874,0.12053668,31,30,55,30.2,0
2022,41,24,2022-10-10 00:00:00,2022-10-10,25.77142857,17.67142857,21.04285714,98.42857143,67.28571429,86.42857143,70.4,70.4,6.271428571,8.1,-0.970941817,0.239315664,26,31,34,27.8,0
2022,42,31,2022-10-17 00:00:00,2022-10-17,25.02857143,18.11428571,20.85714286,99.14285714,70.71428571,89.14285714,64.1,64.1,7.742857143,6.914285714,-0.935016243,0.354604887,24,26,30,28,0
2022,43,23,2022-10-24 00:00:00,2022-10-24,24.65714286,18.17142857,20.77142857,98.71428571,71.28571429,89.71428571,91.2,91.2,6.657142857,6.485714286,-0.885456026,0.464723172,31,24,31,26,0
2022,44,34,2022-10-31 00:00:00,2022-10-31,25.08571429,18.24285714,20.98571429,98.85714286,69.57142857,87,50.3,50.3,6.514285714,6.842857143,-0.822983866,0.568064747,23,31,26,28,0
2022,45,38,2022-11-07 00:00:00,2022-11-07,24.9,18.01428571,20.6,99.14285714,70,89.14285714,107.4,107.4,6.485714286,6.885714286,-0.748510748,0.663122658,34,23,24,31.5,0
2022,46,41,2022-11-14 00:00:00,2022-11-14,25.7,18.14285714,21.22857143,98,68.71428571,87,58.5,58.5,6.685714286,7.557142857,-0.663122658,0.748510748,38,34,31,34,0
2022,47,31,2022-11-21 00:00:00,2022-11-21,25.04285714,17.7,20.65714286,98.85714286,69.14285714,87.85714286,60.5,60.5,7.8,7.342857143,-0.568064747,0.822983866,41,38,23,36,0
2022,48,32,2022-11-28 00:00:00,2022-11-28,23.9,17.25714286,20.01428571,99.28571429,73.85714286,89.57142857,125.7,125.7,7.528571429,6.642857143,-0.464723172,0.885456026,31,41,34,35.5,0
2022,49,32,2022-12-05 00:00:00,2022-12-05,24.71428571,17.17142857,20.15714286,98.57142857,68.28571429,87.14285714,66.7,66.7,6.057142857,7.542857143,-0.354604887,0.935016243,32,31,38,34,0
2022,50,22,2022-12-12 00:00:00,2022-12-12,25.05714286,17,20.5,98.28571429,68.28571429,86.71428571,48.7,48.7,6.242857143,8.057142857,-0.239315664,0.970941817,32,32,41,29.2,0
2022,51,20,2022-12-19 00:00:00,2022-12-19,25.6,18.05714286,21.22857143,97.71428571,68.28571429,86,30.3,30.3,5.585714286,7.542857143,-0.12053668,0.992708874,22,32,31,26.5,0
2022,52,28,2022-12-26 00:00:00,2022-12-26,24.57142857,17.75714286,20.45714286,99,71.28571429,88.85714286,42.9,42.9,6.014285714,6.814285714,6.43249E-16,1,20,22,32,25.5,0
2023,1,34,2023-01-02 00:00:00,2023-01-02,24.88571429,17.42857143,20.28571429,99.14285714,70.42857143,89.14285714,92.1,92.1,5.985714286,7.457142857,0.12053668,0.992708874,28,20,32,26,0
2023,2,34,2023-01-09 00:00:00,2023-01-09,24.25714286,17.25714286,20.02857143,98.71428571,72.28571429,89.71428571,77.9,77.9,6.771428571,7,0.239315664,0.970941817,34,28,22,29,0
2023,3,28,2023-01-16 00:00:00,2023-01-16,24.7,17.1,20.4,97.57142857,71.42857143,86.71428571,24.1,24.1,6.642857143,7.6,0.354604887,0.935016243,34,34,20,31,0
2023,4,41,2023-01-23 00:00:00,2023-01-23,25.82857143,17.12857143,21.14285714,94.57142857,65.57142857,80.71428571,34.6,34.6,6.171428571,8.7,0.464723172,0.885456026,28,34,28,34.2,0
2023,5,50,2023-01-30 00:00:00,2023-01-30,25.94285714,17.31428571,21.17142857,94.42857143,65.28571429,82.57142857,22.8,22.8,6.114285714,8.628571429,0.568064747,0.822983866,41,28,34,38.2,0
2023,6,45,2023-02-06 00:00:00,2023-02-06,26.08571429,17.48571429,21.5,96.14285714,66.42857143,83.42857143,45,45,6.214285714,8.6,0.663122658,0.748510748,50,41,34,41,0
2023,7,46,2023-02-13 00:00:00,2023-02-13,25.85714286,18,21.14285714,99,68.71428571,87.42857143,80.2,80.2,6.414285714,7.857142857,0.748510748,0.663122658,45,50,28,45.5,0
2023,8,52,2023-02-20 00:00:00,2023-02-20,25.95714286,18.1,21.27142857,96.85714286,65.14285714,83.28571429,38.5,38.5,6.028571429,7.857142857,0.822983866,0.568064747,46,45,41,48.2,0
2023,9,44,2023-02-27 00:00:00,2023-02-27,26.27142857,18.22857143,21.55714286,96.85714286,67.71428571,86.14285714,81.1,81.1,6.1,8.042857143,0.885456026,0.464723172,52,46,50,46.8,0
2023,10,60,2023-03-06 00:00:00,2023-03-06,24.28571429,18.18571429,20.52857143,99,72,90,170,170,5.9,6.1,0.935016243,0.354604887,44,52,45,50.5,0
2023,11,61,2023-03-13 00:00:00,2023-03-13,24.62857143,17.94285714,20.45714286,97,68.14285714,87,63.6,63.6,6.628571429,6.685714286,0.970941817,0.239315664,60,44,46,54.2,0
2023,12,67,2023-03-20 00:00:00,2023-03-20,25.67142857,17.61428571,21.02857143,97.42857143,68,85.85714286,42.6,42.6,7.142857143,8.057142857,0.992708874,0.12053668,61,60,52,58,0
2023,13,48,2023-03-27 00:00:00,2023-03-27,25.58571429,17.92857143,21.34285714,98.85714286,70.42857143,87.71428571,52.9,52.9,6.428571429,7.657142857,1,-1.60812E-16,67,61,44,59,0
2023,14,56,2023-04-03 00:00:00,2023-04-03,25.88571429,18.04285714,21.34285714,97.28571429,68.57142857,85.85714286,61.2,61.2,7.342857143,7.842857143,0.992708874,-0.12053668,48,67,60,58,0
2023,15,68,2023-04-10 00:00:00,2023-04-10,25.27142857,18.02857143,21.17142857,98.42857143,71,87.14285714,89.1,89.1,6.128571429,7.242857143,0.970941817,-0.239315664,56,48,61,59.8,0
2023,16,63,2023-04-17 00:00:00,2023-04-17,25.37142857,18.14285714,21.18571429,96.42857143,69.42857143,86.85714286,80.3,80.3,7.385714286,7.228571429,0.935016243,-0.354604887,68,56,67,58.8,0
2023,17,49,2023-04-24 00:00:00,2023-04-24,25.5,18.05714286,21.45714286,95.28571429,70.71428571,84.85714286,74.7,74.7,6.642857143,7.442857143,0.885456026,-0.464723172,63,68,48,59,0
2023,18,93,2023-05-01 00:00:00,2023-05-01,27.34285714,18.21428571,22.48571429,95.28571429,63.28571429,81.28571429,38.9,38.9,7.542857143,9.128571429,0.822983866,-0.568064747,49,63,56,68.2,0
2023,19,80,2023-05-08 00:00:00,2023-05-08,27.15714286,18.84285714,22.44285714,97.28571429,67.85714286,84.42857143,62.2,62.2,6.971428571,8.314285714,0.748510748,-0.663122658,93,49,68,71.2,0
2023,20,100,2023-05-15 00:00:00,2023-05-15,25.87142857,18.82857143,21.7,97.14285714,71.71428571,87.71428571,82.4,82.4,8.1,7.042857143,0.663122658,-0.748510748,80,93,63,80.5,0
2023,21,91,2023-05-22 00:00:00,2023-05-22,25.38571429,18.91428571,21.52857143,98.71428571,73,88.85714286,133,133,6.9,6.471428571,0.568064747,-0.822983866,100,80,49,91,0
2023,22,111,2023-05-29 00:00:00,2023-05-29,25.9,18.18571429,21.52857143,98.28571429,69,86.14285714,64.9,64.9,6.157142857,7.714285714,0.464723172,-0.885456026,91,100,93,95.5,1
2023,23,133,2023-06-05 00:00:00,2023-06-05,25.8,17.61428571,21.34285714,98.85714286,68.42857143,86.57142857,115.9,115.9,6.2,8.185714286,0.354604887,-0.935016243,111,91,80,108.8,1
2023,24,159,2023-06-12 00:00:00,2023-06-12,27.1,18.21428571,22.15714286,93.71428571,58.57142857,78.28571429,26.6,26.6,6.528571429,8.885714286,0.239315664,-0.970941817,133,111,100,123.5,1
2023,25,156,2023-06-19 00:00:00,2023-06-19,27.2,18.14285714,22.07142857,96.28571429,60.14285714,80.57142857,40.6,40.6,8.014285714,9.057142857,0.12053668,-0.992708874,159,133,91,139.8,1
2023,26,170,2023-06-26 00:00:00,2023-06-26,26.51428571,18.5,22.15714286,96.14285714,62.85714286,81.85714286,37.5,37.5,7.228571429,8.014285714,-3.21625E-16,-1,156,159,111,154.5,1
2023,27,223,2023-07-03 00:00:00,2023-07-03,25.45714286,18.15714286,21.3,98.71428571,69.71428571,87.57142857,58.4,58.4,6.285714286,7.3,-0.12053668,-0.992708874,170,156,133,177,1
2023,28,219,2023-07-10 00:00:00,2023-07-10,26.28571429,18.27142857,21.94285714,95.42857143,64.28571429,82,35.9,35.9,7.657142857,8.014285714,-0.239315664,-0.970941817,223,170,159,192,1
2023,29,270,2023-07-17 00:00:00,2023-07-17,27.61428571,19.08571429,22.95714286,92.14285714,55.42857143,75.28571429,20.7,20.7,8.642857143,8.528571429,-0.354604887,-0.935016243,219,223,156,220.5,1
2023,30,259,2023-07-24 00:00:00,2023-07-24,27.38571429,18.44285714,22.48571429,93.28571429,60.42857143,79.57142857,27.6,27.6,9.271428571,8.942857143,-0.464723172,-0.885456026,270,219,170,242.8,1
2023,31,302,2023-07-31 00:00:00,2023-07-31,27.38571429,18.6,22.67142857,92.57142857,56.28571429,76.85714286,22,22,9.585714286,8.785714286,-0.568064747,-0.822983866,259,270,223,262.5,1
2023,32,307,2023-08-07 00:00:00,2023-08-07,27.28571429,18.98571429,22.5,96.42857143,58.71428571,80.71428571,38.6,38.6,8.414285714,8.3,-0.663122658,-0.748510748,302,259,219,284.5,1
2023,33,276,2023-08-14 00:00:00,2023-08-14,26.78571429,18.6,22.01428571,96.42857143,62.42857143,82.57142857,47.1,47.1,7.085714286,8.185714286,-0.748510748,-0.663122658,307,302,270,286,1
2023,34,338,2023-08-21 00:00:00,2023-08-21,26.42857143,18.58571429,21.85714286,94.42857143,63.85714286,81.28571429,42.6,42.6,7.871428571,7.842857143,-0.822983866,-0.568064747,276,307,259,305.8,1
2023,35,370,2023-08-28 00:00:00,2023-08-28,28.77142857,19.12857143,23.57142857,92.14285714,55.14285714,75.71428571,12.7,12.7,11.31428571,9.642857143,-0.885456026,-0.464723172,338,276,302,322.8,1
2023,36,348,2023-09-04 00:00:00,2023-09-04,27.78571429,18.88571429,22.78571429,96.28571429,57,80.57142857,60.8,60.8,9.657142857,8.9,-0.935016243,-0.354604887,370,338,307,333,1
2023,37,350,2023-09-11 00:00:00,2023-09-11,28.08571429,18.98571429,22.92857143,95.85714286,56.28571429,79.14285714,53.5,53.5,9.828571429,9.1,-0.970941817,-0.239315664,348,370,276,351.5,1
2023,38,394,2023-09-18 00:00:00,2023-09-18,28.15714286,19.3,23.32857143,94.28571429,57.28571429,78.14285714,40.6,40.6,10.22857143,8.857142857,-0.992708874,-0.12053668,350,348,338,365.5,1
2023,39,287,2023-09-25 00:00:00,2023-09-25,28.15714286,19.51428571,23.08571429,96.14285714,57.14285714,80,60.4,60.4,6.928571429,8.642857143,-1,-1.83697E-16,394,350,370,344.8,1
2023,40,302,2023-10-02 00:00:00,2023-10-02,27.11428571,19.18571429,22.51428571,97.57142857,62.42857143,83,47.5,47.5,7.471428571,7.928571429,-0.992708874,0.12053668,287,394,348,333.2,1
2023,41,329,2023-10-09 00:00:00,2023-10-09,27.18571429,19.34285714,22.58571429,97.57142857,62,82,79.6,79.6,8.014285714,7.842857143,-0.970941817,0.239315664,302,287,350,328,1
2023,42,312,2023-10-16 00:00:00,2023-10-16,26.35714286,19.08571429,22.17142857,95.85714286,65.57142857,84,31.6,31.6,6.685714286,7.271428571,-0.935016243,0.354604887,329,302,394,307.5,1
2023,43,357,2023-10-23 00:00:00,2023-10-23,25.58571429,18.65714286,21.42857143,97.71428571,70.71428571,86.14285714,27.4,27.4,6.957142857,6.928571429,-0.885456026,0.464723172,312,329,287,325,1
2023,44,310,2023-10-30 00:00:00,2023-10-30,25.74285714,18.88571429,21.71428571,98.42857143,69.71428571,88.14285714,69.4,69.4,6.228571429,6.857142857,-0.822983866,0.568064747,357,312,302,327,1
2023,45,283,2023-11-06 00:00:00,2023-11-06,26.61428571,19.31428571,22.3,98,68,86.71428571,77.3,77.3,6.585714286,7.3,-0.748510748,0.663122658,310,357,329,315.5,1
2023,46,373,2023-11-13 00:00:00,2023-11-13,26.5,18.98571429,22.1,97.85714286,68.42857143,87.57142857,113.6,113.6,7.014285714,7.514285714,-0.663122658,0.748510748,283,310,312,330.8,1
2023,47,386,2023-11-20 00:00:00,2023-11-20,25.54285714,18.34285714,21.48571429,98.42857143,69.14285714,87,71.9,71.9,6.085714286,7.2,-0.568064747,0.822983866,373,283,357,338,1
2023,48,389,2023-11-27 00:00:00,2023-11-27,27.3,19.2,22.7,94.42857143,61.42857143,81.14285714,14.4,14.4,7,8.1,-0.464723172,0.885456026,386,373,310,357.8,1
2023,49,441,2023-12-04 00:00:00,2023-12-04,26.62857143,18.98571429,22.4,95.42857143,64.85714286,82.71428571,25.7,25.7,5.514285714,7.642857143,-0.354604887,0.935016243,389,386,283,397.2,1
2023,50,405,2023-12-11 00:00:00,2023-12-11,26.47142857,19.3,22.28571429,96.85714286,69.28571429,86.57142857,88.1,88.1,6.285714286,7.171428571,-0.239315664,0.970941817,441,389,373,405.2,1
2023,51,456,2023-12-18 00:00:00,2023-12-18,26.82857143,19.35714286,22.42857143,98.71428571,69.14285714,87.14285714,49.5,49.5,5.9,7.471428571,-0.12053668,0.992708874,405,441,386,422.8,1
2023,52,413,2023-12-25 00:00:00,2023-12-25,25.62857143,18.82857143,21.64285714,97.28571429,71.42857143,87.42857143,54.9,54.9,6.257142857,6.8,6.43249E-16,1,456,405,389,428.8,1
